"id_convocado";"team";"posicao";"altura";"peso";"popular_name";"acceleration";"aggression";"agility";"balance";"ball_control";"composure";"crossing";"curve";"dribbling";"finishing";"gk_diving";"gk_handling";"gk_kicking";"gk_positioning";"gk_reflexes";"heading_accuracy";"interceptions";"jumping";"long_passing";"penalties";"positioning"
104;"Serbia";"MF";192;76;"MILINKOVIC-SAVIC Sergej";68;73;66;59;84;76;56;72;81;69;7;10;7;16;7;86;78;85;77;38;79
183;"Argentina";"DF";167;69;"SALVIO Eduardo";88;67;86;84;80;78;78;75;78;76;9;11;9;5;14;67;52;87;70;60;81
321;"Portugal";"DF";187;83;"RUBEN DIAS";62;77;44;51;63;65;34;33;0;29;7;8;13;7;12;68;63;67;31;45;28
272;"Nigeria";"MF";177;77;"OBI Joel";84;77;85;87;75;75;68;52;75;55;13;9;12;15;13;50;72;78;68;59;67
694;"Korea Republic";"DF";180;74;"LEE Yong";80;77;77;64;50;60;75;59;54;54;16;15;6;10;15;44;55;87;61;45;52
383;"Mexico";"GK";188;84;"TALAVERA Alfredo";77;51;73;77;67;67;64;62;74;55;13;12;7;9;7;48;59;71;59;64;52
147;"Croatia";"MF";186;76;"BADELJ Milan";58;76;67;64;80;72;69;64;70;54;8;9;14;15;6;66;80;58;82;68;62
302;"Switzerland";"MF";182;79;"ZUBER Steven";78;70;75;66;77;73;71;78;77;63;15;15;7;14;9;72;74;63;61;55;74
316;"France";"MF";180;74;"MATUIDI Blaise";79;85;76;79;77;82;75;65;73;65;8;11;5;10;14;73;85;84;79;56;68
605;"Argentina";"MF";175;73;"BIGLIA Lucas";70;83;76;78;85;80;74;71;77;50;14;12;7;12;7;54;84;62;84;72;55
243;"Croatia";"FW";187;81;"KALINIC Nikola";69;70;69;58;79;78;60;64;74;85;9;11;9;11;7;80;42;68;48;70;90
187;"Egypt";"FW";183;80;"SHIKABALA";76;34;75;76;74;75;64;78;77;67;6;10;16;8;13;43;29;51;61;69;65
326;"Spain";"GK";189;84;"ARRIZABALAGA Kepa";34;18;41;39;16;26;25;25;10;11;78;81;75;76;83;17;21;71;36;24;15
526;"France";"FW";174;72;"GRIEZMANN Antoine";87;69;90;80;86;86;82;84;87;88;14;8;14;13;14;80;35;87;75;71;91
667;"Uruguay";"DF";185;73;"GODIN Diego";62;86;63;58;76;82;55;49;53;42;6;8;15;5;15;92;88;89;70;50;48
683;"Croatia";"DF";181;76;"VRSALJKO Sime";80;70;67;72;75;67;82;70;72;44;15;11;10;10;12;69;79;84;70;52;65
692;"Mexico";"DF";188;82;"AYALA Hugo";66;64;63;52;67;75;61;46;51;52;7;11;16;9;6;71;76;67;62;55;44
77;"Australia";"FW";176;72;"PETRATOS Dimitrios";83;44;79;75;63;55;59;62;63;60;10;11;9;8;14;41;45;34;66;62;70
244;"Iran";"FW";180;79;"GHOOCHANNEJHAD Reza";76;46;77;73;74;70;54;58;70;75;9;7;15;11;12;64;30;65;53;71;76
171;"Iran";"FW";180;77;"JAHANBAKHSH Alireza";85;68;82;74;76;74;71;64;77;67;13;11;9;7;7;62;42;87;54;58;72
105;"Iran";"FW";186;80;"AZMOUN Sardar";83;67;77;77;75;73;64;66;74;78;6;10;14;9;15;84;34;90;64;55;75
386;"Korea Republic";"FW";177;77;"HWANG Heechan";84;49;82;75;69;64;58;58;71;69;11;7;10;11;15;61;22;69;55;60;56
472;"Argentina";"FW";184;75;"HIGUAIN Gonzalo";78;50;75;69;85;86;68;74;84;91;5;12;7;5;10;86;20;79;59;70;92
540;"Portugal";"FW";185;80;"CRISTIANO RONALDO";89;63;89;63;93;95;85;81;91;94;7;11;15;14;11;88;29;95;77;85;95
443;"Argentina";"FW";170;72;"MESSI Lionel";92;48;90;95;95;96;77;89;97;95;6;11;15;14;8;71;22;68;87;74;93
427;"Brazil";"FW";175;68;"NEYMAR";94;56;96;82;95;92;75;81;96;89;9;9;15;15;11;62;36;61;75;81;90
474;"Uruguay";"FW";182;85;"SUAREZ Luis";88;78;86;60;91;83;77;86;86;94;27;25;31;33;37;77;41;69;64;85;92
729;"Germany";"GK";193;93;"NEUER Manuel";58;29;52;35;48;70;15;14;30;13;91;90;95;91;89;25;30;78;59;47;12
469;"Poland";"FW";185;79;"LEWANDOWSKI Robert";79;80;78;80;89;87;62;77;85;91;15;6;12;8;10;85;39;84;65;81;91
713;"Spain";"GK";190;71;"DE GEA David";57;38;60;43;42;64;17;21;18;13;90;85;87;86;90;21;30;67;51;40;12
432;"Belgium";"FW";173;74;"HAZARD Eden";93;54;93;91;92;87;80;82;93;83;11;12;6;8;8;57;41;59;81;86;85
501;"Germany";"MF";182;78;"KROOS Toni";60;60;71;69;89;85;85;85;79;76;10;11;13;7;10;54;85;32;93;73;79
525;"Belgium";"MF";181;70;"DE BRUYNE Kevin";76;68;80;75;87;84;90;83;85;83;15;13;5;10;13;53;56;65;84;77;84
709;"Belgium";"GK";199;91;"COURTOIS Thibaut";46;23;61;45;23;52;14;19;13;14;85;91;69;86;88;13;15;68;31;27;13
446;"Croatia";"MF";172;66;"MODRIC Luka";75;62;93;94;92;84;78;79;86;71;13;9;7;14;9;55;76;67;83;80;79
150;"Argentina";"FW";172;74;"AGUERO Sergio";90;63;86;91;89;90;70;82;89;90;13;15;6;11;14;68;24;80;63;83;91
430;"Spain";"MF";174;70;"THIAGO";77;57;90;86;92;83;72;85;90;69;6;11;7;9;13;58;78;75;90;75;83
215;"Germany";"DF";192;90;"BOATENG Jerome";72;82;58;53;71;86;69;56;67;34;7;12;15;6;5;85;83;75;80;46;47
595;"Germany";"DF";192;90;"HUMMELS Mats";62;66;64;58;77;91;64;65;68;55;15;6;10;5;6;89;89;68;85;68;56
724;"France";"GK";188;82;"LLORIS Hugo";65;31;55;54;34;61;13;11;10;10;88;86;68;82;90;10;27;74;50;40;10
698;"Brazil";"DF";183;79;"THIAGO SILVA";70;77;74;68;80;83;60;61;68;38;9;12;5;9;10;82;89;93;81;71;59
549;"France";"MF";191;86;"POGBA Paul";72;75;76;61;89;85;78;84;86;71;5;6;2;4;3;73;68;85;88;76;83
426;"Denmark";"MF";181;76;"ERIKSEN Christian";77;44;78;82;87;87;86;85;84;76;9;14;7;7;6;52;55;57;86;67;81
92;"Uruguay";"FW";188;78;"CAVANI Edinson";75;84;81;59;80;83;70;75;80;83;12;5;13;13;10;88;48;88;50;84;92
377;"Brazil";"DF";174;80;"MARCELO";77;84;77;82;88;85;90;80;84;67;12;5;5;5;9;71;83;77;76;59;75
534;"Croatia";"MF";184;78;"RAKITIC Ivan";67;67;72;66;87;81;81;88;84;83;14;11;12;5;9;58;69;44;92;78;80
666;"Spain";"DF";194;85;"PIQUE Gerard";55;72;58;42;78;86;57;58;59;64;10;11;14;15;8;83;88;74;80;69;58
574;"Spain";"MF";171;68;"INIESTA Andres";72;58;79;84;94;89;77;80;90;70;6;13;6;13;7;54;66;52;86;71;84
453;"England";"FW";188;98;"KANE Harry";68;74;73;62;82;84;70;71;78;90;8;10;11;14;11;83;35;70;67;84;89
429;"Colombia";"MF";180;75;"RODRIGUEZ James";77;65;82;75;85;87;88;87;83;82;15;15;15;5;14;62;55;54;80;81;80
50;"Spain";"MF";176;74;"ISCO";74;58;83;85;91;86;72;86;90;88;10;8;12;15;6;55;70;64;85;76;83
101;"Spain";"MF";182;76;"ASENSIO Marco";74;58;83;85;91;86;72;86;90;88;10;8;12;15;6;55;70;64;85;76;83
455;"Belgium";"FW";190;94;"LUKAKU Romelu";76;72;62;47;75;84;68;72;77;89;8;15;14;7;10;87;27;71;68;82;87
343;"Germany";"MF";186;75;"MUELLER Thomas";76;57;76;72;82;83;77;81;75;87;6;7;11;14;14;82;58;81;68;60;93
394;"Brazil";"MF";172;68;"PHILIPPE COUTINHO";88;55;92;92;88;85;77;84;88;74;12;7;9;14;6;47;30;59;78;64;83
401;"Germany";"FW";180;67;"REUS Marco";86;49;86;81;85;83;80;90;86;86;12;12;13;13;11;49;50;72;80;87;86
688;"Belgium";"DF";186;81;"ALDERWEIRELD Toby";62;81;60;50;70;81;64;63;62;45;16;6;14;16;14;82;84;81;81;60;56
315;"Belgium";"FW";169;61;"MERTENS Dries";93;59;94;92;88;81;77;81;89;85;7;10;8;10;4;35;36;60;74;78;85
72;"Argentina";"FW";177;73;"DYBALA Paulo";88;48;91;85;93;84;80;88;92;85;5;4;4;5;8;68;24;75;71;86;84
441;"Germany";"MF";180;70;"OEZIL Mesut";75;48;83;70;90;78;82;84;86;74;6;14;10;6;14;54;24;52;84;67;83
670;"Brazil";"DF";186;78;"MIRANDA";67;83;61;57;72;84;48;32;65;43;12;6;10;13;12;83;88;82;69;49;43
618;"France";"DF";191;79;"VARANE Raphael";77;77;58;47;77;82;36;46;57;40;11;11;9;5;14;83;82;80;76;43;44
590;"Brazil";"MF";185;84;"CASEMIRO";63;87;66;57;78;86;52;59;69;59;13;14;16;12;12;74;86;87;84;66;66
725;"Costa Rica";"GK";185;80;"NAVAS Keylor";54;32;60;61;19;49;11;11;16;15;87;82;72;80;85;11;20;74;37;25;16
28;"Croatia";"GK";191;84;"SUBASIC Danijel";51;31;42;37;19;65;11;24;11;10;84;79;79;85;87;13;20;75;26;23;15
49;"Germany";"GK";187;85;"TER STEGEN Marc-Andre";38;43;37;43;18;62;15;18;17;14;84;83;87;81;86;11;22;79;38;25;11
282;"Poland";"DF";190;80;"GLIK Kamil";53;86;34;55;59;79;29;35;51;27;10;14;5;8;10;85;87;82;59;39;24
310;"Spain";"DF";178;78;"AZPILICUETA Cesar";78;80;75;73;79;78;78;66;69;46;13;9;10;6;5;76;85;76;74;66;62
409;"Argentina";"MF";178;75;"DI MARIA Angel";86;73;92;79;85;82;85;78;86;74;10;7;11;12;11;53;38;72;79;73;82
600;"Belgium";"DF";189;86;"VERTONGHEN Jan";68;83;62;55;74;81;68;58;69;56;6;10;9;12;7;81;86;83;74;68;60
634;"Belgium";"DF";190;85;"KOMPANY Vincent";61;87;60;42;68;81;61;61;63;45;10;9;5;8;6;84;80;71;66;63;41
388;"Portugal";"MF";173;65;"BERNARDO SILVA";85;58;88;86;89;84;79;79;91;76;9;10;14;12;9;51;49;53;78;64;77
99;"England";"MF";188;76;"ALLI Dele";77;84;74;62;85;86;68;71;83;84;7;6;9;11;8;75;67;69;76;68;86
682;"Spain";"DF";173;73;"CARVAJAL Dani";76;81;82;79;83;74;83;72;76;41;13;13;15;9;15;65;82;76;71;45;61
518;"Germany";"MF";185;74;"DRAXLER Julian";76;48;81;75;87;81;83;78;88;78;11;13;5;13;8;65;36;76;77;63;79
652;"Senegal";"DF";195;89;"KOULIBALY Kalidou";69;87;50;40;59;78;30;28;54;19;7;11;7;13;5;79;86;77;48;33;24
391;"Belgium";"MF";180;67;"CARRASCO Yannick";87;61;91;71;86;75;80;81;91;79;9;11;9;10;10;53;18;68;74;74;82
572;"Brazil";"DF";182;73;"FILIPE LUIS";75;81;74;60;81;88;84;74;77;59;11;15;9;9;5;68;82;63;77;65;71
490;"Spain";"MF";176;73;"KOKE";72;71;77;78;86;75;84;85;80;71;14;12;5;10;13;61;64;61;85;59;80
672;"Portugal";"DF";188;81;"PEPE";65;94;63;49;62;77;46;44;58;46;8;15;5;9;10;80;86;76;61;57;40
82;"Switzerland";"GK";188;83;"BUERKI Roman";44;35;51;52;23;58;15;13;16;8;84;82;73;80;85;17;18;74;24;20;10
628;"Croatia";"FW";186;81;"PERISIC Ivan";81;59;78;67;83;80;84;73;83;79;6;7;10;9;6;78;42;82;72;76;84
149;"Brazil";"MF";175;77;"WILLIAN";91;44;89;81;86;79;77;82;87;77;14;12;13;7;13;29;55;46;77;70;80
478;"Colombia";"FW";177;72;"FALCAO Radamel";73;75;85;75;82;87;55;83;74;87;10;13;6;9;5;90;41;92;58;84;85
286;"England";"DF";191;85;"CAHILL Gary";62;84;62;51;63;75;28;48;58;56;5;12;9;5;12;86;83;82;61;53;45
482;"France";"FW";172;65;"LEMAR Thomas";86;63;85;84;86;79;82;81;88;78;11;15;13;7;14;54;66;72;71;68;76
262;"Germany";"DF";195;89;"SUELE Niklas";51;81;33;32;63;72;30;28;42;20;15;7;14;7;15;85;82;38;61;32;26
10;"Brazil";"GK";188;86;"EDERSON";64;35;60;40;30;58;20;12;21;14;81;76;82;78;87;14;25;58;30;17;16
424;"Egypt";"FW";175;71;"MOHAMED SALAH";93;63;86;84;87;75;73;70;87;79;14;14;9;11;14;59;55;70;65;61;83
428;"Sweden";"MF";179;78;"FORSBERG Emil";78;62;85;83;85;79;86;81;82;72;13;7;9;15;11;45;43;53;70;64;77
328;"Brazil";"DF";183;75;"MARQUINHOS";69;80;66;68;76;79;72;49;65;33;6;6;12;10;13;80;84;85;78;31;46
582;"France";"DF";183;84;"UMTITI Samuel";72;80;68;66;75;74;69;72;69;51;15;10;14;12;15;72;86;87;73;61;58
112;"Brazil";"FW";181;76;"ROBERTO FIRMINO";77;66;82;81;85;78;72;80;87;83;8;11;9;6;10;72;37;81;75;72;84
567;"Germany";"DF";189;81;"KHEDIRA Sami";60;82;59;52;81;84;72;68;78;69;11;9;5;15;8;76;86;68;81;69;80
601;"Morocco";"DF";188;88;"BENATIA Mehdi";72;82;59;51;65;78;45;34;64;45;7;4;8;7;11;80;84;82;65;41;38
593;"Senegal";"MF";174;64;"GUEYE Idrissa Gana";78;84;75;82;79;80;60;33;75;50;8;6;8;12;13;69;87;85;74;54;67
216;"Argentina";"DF";181;81;"OTAMENDI Nicolas";62;90;69;62;64;84;52;50;41;53;12;5;8;11;12;83;85;86;66;44;49
439;"Japan";"MF";175;68;"KAGAWA Shinji";76;30;92;88;85;81;60;74;87;76;11;9;8;9;13;42;56;66;73;78;80
685;"England";"DF";178;83;"WALKER Kyle";86;78;70;72;76;75;78;76;77;51;12;6;16;15;8;73;78;83;67;63;66
23;"Portugal";"MF";176;72;"ADRIEN SILVA";64;79;73;67;85;82;78;79;82;71;15;6;8;10;7;61;84;56;84;85;75
532;"Argentina";"MF";175;73;"BANEGA Ever";71;69;84;86;85;82;80;83;83;65;13;8;7;7;10;45;70;58;85;67;75
719;"Switzerland";"GK";183;81;"SOMMER Yann";48;38;55;58;25;57;13;12;15;13;81;82;83;80;83;10;21;69;31;24;15
125;"Poland";"DF";184;79;"PISZCZEK Lukasz";73;83;66;66;76;82;86;80;74;65;14;11;14;6;12;74;81;76;69;65;73
726;"Denmark";"GK";190;92;"SCHMEICHEL Kasper";62;33;62;47;40;52;18;13;12;12;83;82;82;80;86;16;20;60;46;26;14
218;"Croatia";"FW";190;85;"MANDZUKIC Mario";68;88;67;53;77;80;72;64;74;84;10;8;5;8;15;90;66;85;65;76;89
217;"Spain";"FW";176;67;"ASPAS Iago";84;63;88;77;84;73;67;83;85;86;12;16;9;12;13;78;36;68;64;80;85
358;"France";"MF";180;82;"TOLISSO Corentin";79;81;77;73;80;74;67;66;77;75;7;10;14;9;14;82;76;89;82;70;79
450;"Germany";"FW";181;75;"WERNER Timo";92;63;79;76;82;70;69;62;81;86;9;9;8;15;9;74;37;77;55;68;85
292;"Germany";"MF";189;76;"GORETZKA Leon";83;84;76;72;82;78;73;76;80;71;13;8;15;11;9;74;82;67;78;60;77
535;"Colombia";"FW";181;77;"BACCA Carlos";76;62;76;77;81;80;60;72;79;87;12;12;8;5;8;76;34;77;50;80;87
485;"Croatia";"MF";178;78;"KOVACIC Mateo";85;71;77;70;87;72;73;78;88;62;9;5;6;7;7;42;70;63;82;59;69
420;"England";"FW";170;70;"STERLING Raheem";94;34;91;92;84;74;73;64;85;73;15;12;12;15;9;38;26;60;67;63;81
615;"England";"MF";188;90;"DIER Eric";70;90;56;40;70;77;67;54;66;52;11;14;6;13;9;83;80;77;77;70;53
238;"Argentina";"DF";189;82;"ROJO Marcos";70;92;72;64;68;74;75;67;67;50;7;8;12;15;10;82;80;85;73;64;57
523;"Korea Republic";"FW";183;76;"SON Heungmin";87;60;79;77;82;78;75;81;85;83;11;13;13;6;10;65;29;65;64;71;83
423;"Switzerland";"MF";183;82;"XHAKA Granit";48;92;53;61;80;74;66;68;70;49;7;8;11;7;13;62;77;39;86;59;77
516;"Spain";"MF";183;76;"SAUL";72;66;76;68;84;80;69;63;82;71;7;13;12;10;9;83;78;79;80;54;79
128;"Portugal";"FW";175;73;"RICARDO QUARESMA";85;62;91;84;87;79;88;92;89;70;12;14;10;5;15;41;24;63;75;74;75
109;"France";"FW";180;76;"THAUVIN Florian";88;56;81;71;83;80;82;80;86;74;8;11;14;10;9;69;43;64;75;57;80
17;"Switzerland";"MF";165;78;"SHAQIRI Xherdan";87;64;88;92;83;79;74;82;85;72;13;12;12;11;11;37;65;63;76;65;78
368;"Germany";"GK";189;88;"TRAPP Kevin";45;30;42;37;24;48;13;14;10;13;80;78;79;84;84;11;22;75;12;17;12
90;"Brazil";"FW";172;64;"TAISON";93;56;89;83;85;74;73;52;87;76;7;7;11;15;13;56;49;62;75;72;74
498;"England";"MF";183;82;"HENDERSON Jordan";73;80;73;71;80;78;81;80;74;67;7;13;7;9;13;65;79;81;83;64;76
727;"Uruguay";"GK";190;74;"MUSLERA Fernando";60;32;68;62;23;63;15;14;25;10;81;75;75;83;85;12;23;84;47;24;13
604;"Croatia";"DF";192;84;"CORLUKA Vedran";49;81;57;46;73;78;68;69;65;47;15;9;12;14;6;83;77;86;72;49;45
575;"Serbia";"DF";185;89;"IVANOVIC Branislav";63;86;57;47;66;81;72;70;58;57;15;9;13;11;13;0;79;83;74;58;61
565;"Belgium";"MF";186;73;"WITSEL Axel";67;78;82;60;85;86;69;69;83;71;5;7;7;10;7;77;80;72;78;81;75
653;"England";"DF";173;76;"ROSE Danny";80;87;73;76;76;73;81;64;79;57;10;11;8;13;13;62;81;75;66;57;68
402;"Mexico";"FW";178;78;"VELA Carlos";87;57;86;79;81;79;80;80;82;81;8;14;8;13;10;64;37;69;63;72;81
568;"Argentina";"DF";199;85;"FAZIO Federico";31;84;29;32;72;83;44;46;48;41;8;9;12;11;14;89;83;40;62;33;32
407;"Colombia";"MF";179;72;"CUADRADO Juan";90;70;91;83;83;76;78;76;90;67;5;5;13;6;9;58;62;75;69;65;78
529;"Brazil";"FW";182;70;"DOUGLAS COSTA";96;55;91;90;83;73;76;79;85;71;13;15;9;12;5;51;32;61;71;77;77
475;"France";"FW";193;91;"GIROUD Olivier";51;76;59;52;82;78;64;70;72;83;12;15;11;6;5;90;41;82;56;81;83
221;"Brazil";"MF";179;67;"FERNANDINHO";73;86;77;79;78;73;68;70;77;69;12;11;5;13;7;55;85;72;79;61;68
449;"Brazil";"FW";175;73;"GABRIEL JESUS";89;56;93;92;85;84;66;76;87;83;13;8;6;6;15;66;32;75;66;78;83
167;"Portugal";"FW";173;63;"GELSON MARTINS";95;57;94;94;83;84;79;84;85;66;12;9;7;6;9;51;43;65;56;66;77
393;"Croatia";"MF";181;68;"BROZOVIC Marcelo";72;68;74;74;84;78;72;79;81;69;8;8;15;11;8;62;72;68;81;69;76
547;"Denmark";"DF";192;85;"CHRISTENSEN Andreas";0;73;0;62;72;0;49;32;0;36;10;12;8;6;8;79;81;74;0;36;32
168;"Germany";"DF";176;72;"KIMMICH Joshua";76;74;83;83;83;78;88;81;77;66;8;15;7;15;15;69;79;79;80;44;76
581;"Portugal";"DF";170;64;"RAPHAEL GUERREIRO";83;69;88;86;83;75;85;84;83;72;12;6;8;11;8;61;85;64;74;44;76
411;"England";"FW";178;80;"VARDY Jamie";91;92;78;77;76;79;63;59;76;83;15;14;7;15;11;64;49;74;48;76;84
330;"England";"GK";196;96;"BUTLAND Jack";38;32;48;35;26;59;11;12;21;16;81;83;72;78;85;12;27;61;40;42;16
270;"Belgium";"DF";190;88;"MEUNIER Thomas";72;73;63;49;80;78;81;69;81;72;8;13;15;6;9;72;74;72;74;65;78
459;"Croatia";"FW";177;73;"KRAMARIC Andrej";78;73;79;77;84;77;70;68;86;82;8;14;14;7;15;69;21;69;53;84;84
701;"Switzerland";"DF";181;77;"LICHTSTEINER Stephan";76;82;77;79;75;80;82;68;76;45;4;3;2;3;2;72;82;75;71;64;66
252;"France";"GK";187;88;"MANDANDA Steve";53;37;52;36;17;63;14;13;15;13;86;78;77;77;85;13;23;74;28;11;11
142;"Uruguay";"DF";196;89;"COATES Sebastian";50;82;33;31;63;74;17;47;65;32;16;13;15;16;13;80;80;62;73;42;49
436;"Poland";"MF";186;83;"KRYCHOWIAK Grzegorz";62;87;59;52;75;83;59;46;63;42;15;14;8;6;7;83;81;75;83;78;52
563;"Croatia";"DF";188;84;"LOVREN Dejan";57;87;53;43;67;0;59;26;63;33;14;14;13;10;7;77;82;82;66;52;21
434;"Morocco";"MF";174;75;"BELHANDA Younes";77;75;87;77;83;72;79;78;86;75;15;16;11;6;16;67;66;74;79;80;73
684;"Russia";"DF";187;79;"MARIO FERNANDES";79;77;79;55;76;76;76;66;77;58;12;13;14;13;12;73;77;83;74;53;76
200;"Mexico";"MF";174;69;"CORONA Jesus";87;45;90;87;84;85;73;85;91;76;11;6;10;14;9;67;45;72;68;68;80
145;"Germany";"MF";179;74;"RUDY Sebastian";74;58;79;73;84;81;73;82;78;63;13;8;13;12;10;59;84;65;81;71;72
267;"Argentina";"MF";167;66;"LANZINI Manuel";85;47;88;88;86;75;74;75;87;70;14;9;6;7;15;56;23;76;78;73;72
281;"Brazil";"MF";181;81;"PAULINHO";76;69;70;64;81;79;64;66;77;72;16;16;11;6;8;80;78;88;76;71;75
627;"Denmark";"DF";191;84;"KJAER Simon";60;80;48;58;67;72;54;52;42;55;6;10;13;10;15;82;81;70;74;61;31
220;"France";"DF";190;90;"RAMI Adil";49;83;57;50;64;77;28;43;53;45;5;3;5;5;3;79;83;76;68;48;24
378;"Belgium";"GK";193;87;"MIGNOLET Simon";55;34;34;42;24;66;11;16;14;11;80;76;65;78;84;16;21;69;34;41;16
130;"England";"FW";180;78;"RASHFORD Marcus";93;67;90;78;79;74;72;74;83;79;11;6;15;7;14;68;42;63;65;74;81
194;"Belgium";"MF";176;72;"TIELEMANS Youri";52;70;67;76;81;81;76;84;76;73;6;8;10;14;12;57;72;65;81;76;74
98;"Germany";"MF";183;82;"BRANDT Julian";79;42;81;75;83;59;74;69;87;74;11;16;11;8;9;42;29;63;68;54;77
174;"Brazil";"MF";169;64;"FRED";80;73;84;87;84;79;67;70;79;71;7;16;15;11;15;55;69;84;77;65;69
655;"Germany";"DF";185;75;"HECTOR Jonas";76;72;67;67;81;80;79;65;74;55;9;10;10;12;14;73;81;63;75;65;62
707;"Brazil";"GK";193;91;"ALISSON";44;27;30;37;21;62;17;19;16;13;75;76;70;78;86;19;11;52;20;23;13
73;"Belgium";"FW";185;78;"BATSHUAYI Michy";77;61;78;78;77;81;65;61;76;83;9;10;16;7;15;73;23;81;36;67;83
232;"Belgium";"MF";174;70;"HAZARD Thorgan";85;62;91;81;82;78;85;82;86;79;6;9;7;7;8;38;39;64;71;73;80
440;"Serbia";"MF";181;76;"TADIC Dusan";70;56;81;80;85;77;79;83;83;65;11;11;14;9;16;63;31;64;77;75;73
306;"Colombia";"FW";178;79;"MURIEL Luis";87;50;86;77;85;70;60;77;86;80;8;10;10;14;6;65;16;62;55;74;78
465;"Russia";"MF";178;73;"DZAGOEV Alan";81;69;71;72;82;80;77;75;78;73;11;16;12;14;10;67;71;74;76;65;76
435;"Russia";"FW";185;79;"SMOLOV Fedor";89;67;75;66;78;73;56;78;77;82;16;9;16;15;10;70;32;67;62;74;83
308;"England";"FW";184;78;"WELBECK Danny";83;75;82;63;78;76;69;61;80;75;9;10;6;12;16;75;32;80;64;70;80
476;"Sweden";"FW";183;76;"BERG Marcus";74;61;71;71;77;75;56;66;72;82;10;7;12;8;14;77;28;74;51;70;83
438;"Mexico";"MF";178;70;"DOS SANTOS Giovani";68;59;74;81;85;65;83;80;80;62;15;15;7;10;12;57;65;69;78;59;80
559;"Mexico";"MF";173;69;"DOS SANTOS Jonathan";68;59;74;81;85;65;83;80;80;62;15;15;7;10;12;57;65;69;78;59;80
508;"Brazil";"MF";186;86;"RENATO AUGUSTO";66;53;66;66;84;68;79;80;85;65;6;11;16;15;8;57;70;49;81;68;75
511;"Morocco";"MF";179;78;"EL AHMADI Karim";66;84;74;72;82;84;60;68;73;54;12;16;11;14;8;60;76;67;82;69;64
635;"Portugal";"MF";174;69;"MANUEL FERNANDES";83;68;82;76;83;77;79;79;84;71;14;14;9;16;8;59;68;74;80;75;70
637;"Sweden";"DF";192;84;"GRANQVIST Andreas";46;81;55;36;63;78;49;36;49;51;7;9;12;10;15;81;82;64;67;79;54
283;"Mexico";"DF";182;82;"MORENO Hector";66;78;66;62;68;76;64;48;56;43;12;15;14;9;10;84;76;74;68;63;46
186;"Mexico";"MF";167;63;"GUARDADO Andres";76;72;82;88;84;76;73;70;80;58;7;10;10;11;10;55;72;74;82;70;67
373;"Uruguay";"GK";184;79;"CAMPANA Martin";40;25;40;44;27;37;21;15;18;16;82;75;72;78;82;13;31;60;25;23;18
492;"Argentina";"DF";172;77;"ACUNA Marcos";85;74;84;84;79;82;86;87;79;67;8;14;13;13;14;55;63;69;71;43;72
4;"Belgium";"DF";188;76;"DENDONCKER Leander";66;75;59;62;73;74;75;72;68;66;14;8;14;14;6;79;78;77;78;44;71
649;"Argentina";"DF";169;65;"TAGLIAFICO Nicolas";92;73;83;82;75;73;67;61;74;57;13;9;10;15;16;76;77;84;66;46;66
517;"Poland";"FW";186;81;"MILIK Arkadiusz";70;67;68;63;76;72;58;71;71;86;9;16;16;15;6;75;36;62;62;79;79
580;"England";"DF";188;72;"STONES John";71;73;64;57;77;79;62;46;69;29;7;15;11;10;8;77;76;72;71;37;48
650;"Denmark";"DF";200;98;"VESTERGAARD Jannik";47;81;30;28;56;70;46;41;49;34;16;11;11;15;10;86;81;36;80;75;43
80;"Portugal";"DF";172;67;"CEDRIC";84;75;76;83;76;69;81;66;76;57;11;14;12;12;11;65;76;73;69;60;71
463;"Denmark";"FW";194;86;"JORGENSEN Nicolai";76;60;65;64;80;83;68;69;78;79;6;8;14;9;7;72;31;74;63;72;79
234;"England";"DF";182;72;"JONES Phil";51;85;42;61;68;72;64;38;60;50;10;8;6;16;11;75;81;83;67;55;42
11;"France";"GK";195;95;"AREOLA Alphonse";54;26;53;58;22;35;20;16;12;19;81;77;70;74;83;14;23;59;32;25;17
25;"Russia";"DF";179;72;"SMOLNIKOV Igor";84;65;80;76;72;73;0;49;72;61;7;12;10;8;15;69;71;85;76;41;77
504;"Mexico";"FW";171;70;"FABIAN Marco";76;64;88;86;81;76;74;78;81;77;14;11;8;15;13;61;34;71;75;75;75
415;"Serbia";"DF";187;83;"KOLAROV Aleksandar";64;85;63;58;75;85;89;85;78;55;16;15;8;16;6;80;80;81;77;74;69
53;"Serbia";"MF";182;74;"LJAJIC Adem";82;44;81;79;86;75;72;80;87;72;6;14;7;6;12;48;32;63;71;75;75
246;"Morocco";"MF";178;77;"AMRABAT Noureddine";83;67;88;76;79;69;80;77;83;74;11;14;7;6;13;68;54;56;67;77;73
509;"Belgium";"MF";194;85;"FELLAINI Marouane";50;94;49;52;84;78;61;64;73;72;8;6;9;15;16;91;0;63;66;64;80
399;"Nigeria";"FW";177;75;"MOSES Victor";84;45;80;83;80;75;75;75;84;70;9;7;8;16;16;69;72;66;70;71;76
703;"Denmark";"MF";171;69;"KROHN-DEHLI Michael";69;67;76;78;78;73;82;77;77;76;10;8;15;16;11;50;75;57;81;76;82
237;"Mexico";"DF";180;79;"HERRERA Hector";73;79;66;70;76;75;63;67;75;64;6;10;15;7;16;59;79;66;71;58;76
728;"Russia";"GK";185;83;"AKINFEEV Igor";51;24;53;45;22;68;19;19;15;13;77;72;78;82;83;18;17;62;22;10;11
159;"Russia";"MF";178;74;"SAMEDOV Alexander";81;73;78;73;78;74;80;86;74;74;8;8;8;11;12;59;42;64;69;81;77
630;"Argentina";"DF";181;73;"ANSALDI Cristian";77;80;79;66;78;81;78;76;80;57;15;15;11;8;8;63;75;70;76;52;65
721;"Colombia";"GK";183;80;"OSPINA David";34;20;44;50;32;29;11;10;12;10;83;71;78;77;84;15;25;75;32;26;16
350;"Mexico";"GK";185;76;"OCHOA Guillermo";47;19;65;42;18;57;15;14;10;12;76;69;78;78;87;19;23;75;32;16;16
31;"Argentina";"GK";186;80;"CABALLERO Wilfredo";44;30;39;55;30;56;12;23;12;11;80;76;73;78;81;22;19;70;48;16;7
363;"Russia";"GK";189;80;"LUNEV Andrei";58;26;36;50;17;0;16;18;15;14;78;73;65;77;85;17;20;60;21;15;11
353;"Denmark";"FW";187;85;"DOLBERG Kasper";73;44;75;70;79;80;42;67;76;78;7;15;13;9;7;69;21;72;54;74;75
37;"Mexico";"FW";176;66;"LOZANO Hirving";94;42;92;76;77;76;74;69;83;72;11;10;14;14;10;56;53;75;68;64;75
271;"Uruguay";"MF";189;80;"VECINO Matias";68;72;66;56;79;70;68;60;74;60;4;4;4;4;4;60;78;62;76;56;72
79;"Colombia";"FW";171;73;"IZQUIERDO Jose";93;27;90;83;78;73;70;75;83;71;13;8;12;7;13;60;37;73;63;58;75
451;"Portugal";"FW";184;78;"ANDRE SILVA";75;76;77;72;78;70;59;69;77;75;14;13;7;11;8;77;55;84;58;80;83
199;"Uruguay";"MF";178;66;"LAXALT Diego";86;65;82;77;78;76;77;61;77;64;10;12;10;9;8;43;42;65;74;49;68
229;"Portugal";"MF";183;64;"BRUNO FERNANDES";79;62;82;79;81;80;76;81;79;65;12;14;15;8;14;58;68;72;77;66;75
202;"Serbia";"MF";184;82;"KOSTIC Filip";89;65;76;72;80;77;80;79;83;64;13;14;12;12;13;48;32;66;60;67;73
614;"Germany";"DF";189;85;"GINTER Matthias";54;68;56;49;72;68;73;58;61;51;12;10;6;8;10;83;78;65;74;67;55
521;"England";"MF";175;60;"LINGARD Jesse";84;66;85;84;82;75;72;74;79;72;14;10;8;13;9;61;53;65;65;65;79
557;"Russia";"MF";173;68;"CHERYSHEV Denis";78;65;76;74;81;69;80;74;80;74;16;7;14;7;8;54;61;75;68;64;78
312;"Japan";"MF";169;59;"INUI Takashi";87;49;94;93;83;76;70;85;88;68;11;12;11;15;8;41;44;63;67;51;71
40;"France";"DF";183;84;"MENDY Benjamin";79;75;68;71;76;70;82;77;76;33;7;7;9;15;9;64;76;69;68;40;70
304;"Poland";"FW";185;78;"TEODORCZYK Lukasz";66;77;63;58;72;79;58;50;67;82;15;11;7;7;14;84;24;75;64;65;84
55;"Belgium";"MF";187;85;"CHADLI Nacer";74;59;65;54;80;79;75;77;83;76;12;11;12;10;13;67;43;71;68;76;77
303;"Brazil";"DF";184;78;"DANILO";75;74;73;65;77;69;71;74;73;61;14;5;15;14;5;68;81;75;69;67;75
625;"Senegal";"DF";192;85;"MBODJI Kara";68;80;51;42;68;73;39;35;63;45;11;7;16;9;12;81;71;82;66;62;37
461;"Spain";"FW";182;72;"RODRIGO";89;52;81;68;78;69;72;78;80;74;7;13;10;11;5;72;31;73;58;77;78
668;"Belgium";"DF";183;80;"VERMAELEN Thomas";69;77;60;57;64;72;63;61;55;52;9;10;7;11;15;81;73;88;72;62;41
704;"Portugal";"DF";187;83;"BRUNO ALVES";60;90;68;63;70;82;67;77;68;62;15;13;16;9;15;79;69;93;75;75;52
396;"Sweden";"FW";185;79;"GUIDETTI John";65;75;65;58;83;78;67;68;76;79;12;13;14;6;11;67;34;68;53;81;78
639;"Russia";"DF";186;84;"IGNASHEVICH Sergey";33;76;63;57;49;77;49;51;46;50;10;6;12;16;7;82;79;54;77;76;54
631;"Japan";"MF";182;74;"HONDA Keisuke";77;48;75;77;85;80;78;86;83;60;3;3;5;5;3;72;44;83;82;76;74
59;"Russia";"FW";196;90;"DZYUBA Artem";66;75;50;32;78;70;61;65;71;77;15;12;11;11;8;88;30;60;55;77;81
334;"Belgium";"GK";197;86;"CASTEELS Koen";44;33;50;43;23;50;15;20;14;15;80;69;74;75;82;14;16;58;37;20;15
367;"England";"DF";178;72;"TRIPPIER Kieran";78;70;77;76;75;71;87;80;75;45;11;14;8;11;10;70;74;74;76;39;60
369;"Croatia";"GK";201;96;"KALINIC Lovre";30;39;26;22;25;58;15;18;17;12;81;73;58;74;80;15;23;63;19;22;7
398;"Denmark";"FW";180;73;"BRAITHWAITE Martin";82;75;86;76;77;77;71;71;76;77;14;13;11;7;8;66;31;84;65;73;81
588;"Mexico";"DF";190;77;"REYES Diego";63;64;68;55;77;67;49;45;67;44;8;14;12;7;8;79;79;70;68;48;44
416;"Switzerland";"MF";184;78;"BEHRAMI Valon";63;90;70;67;74;76;69;70;69;56;12;11;7;15;11;68;75;70;72;72;63
180;"Peru";"FW";182;77;"CARRILLO Andre";86;53;80;77;79;73;76;78;79;71;11;14;13;12;7;70;34;74;60;68;76
564;"Costa Rica";"DF";186;81;"DUARTE Oscar";60;75;55;51;59;67;40;28;48;26;15;9;7;8;14;77;74;80;55;37;35
700;"Serbia";"DF";177;71;"RUKAVINA Antonio";71;78;67;75;71;67;79;68;65;36;6;6;15;8;7;63;80;78;70;42;66
643;"France";"DF";182;78;"KIMPEMBE Presnel";69;75;65;65;70;72;34;39;60;31;7;8;14;15;9;69;78;75;59;43;34
206;"Egypt";"MF";181;74;"MOHAMED ELNENY";58;74;67;62;76;77;67;69;68;57;7;15;15;12;6;57;76;70;73;62;63
477;"Japan";"FW";174;70;"OKAZAKI Shinji";76;80;83;71;78;70;66;53;77;74;10;6;14;6;6;74;45;91;66;74;82
140;"Portugal";"DF";168;67;"MARIO RUI";88;73;88;89;73;73;77;63;71;27;13;5;9;8;14;60;73;92;71;60;59
710;"Australia";"GK";184;82;"RYAN Mathew";53;36;53;50;24;56;23;23;13;11;76;74;90;74;78;14;23;78;45;25;10
514;"Serbia";"MF";169;68;"ZIVKOVIC Andrija";87;52;87;88;78;68;76;82;80;67;9;11;8;6;6;43;33;57;66;60;72
384;"Australia";"GK";193;87;"JONES Brad";52;40;25;30;22;52;19;13;18;17;75;77;72;80;75;11;23;70;18;35;17
224;"Japan";"MF";180;72;"HASEBE Makoto";65;73;73;72;74;78;76;71;67;45;10;12;10;15;9;66;77;74;76;61;62
117;"Mexico";"MF";166;59;"AQUINO Javier";92;59;91;92;77;75;73;72;80;64;16;15;7;9;7;47;34;76;68;67;75
212;"England";"DF";174;78;"DELPH Fabian";76;82;89;86;79;76;69;72;83;63;10;9;14;11;6;53;75;68;75;65;71
706;"England";"GK";185;72;"PICKFORD Jordan";48;23;33;46;38;51;17;18;14;19;77;76;85;73;82;15;24;59;53;41;18
340;"Australia";"MF";173;72;"MOOY Aaron";67;75;71;73;77;78;73;71;74;69;11;8;12;11;12;50;70;72;79;70;73
182;"Sweden";"DF";194;89;"JANSSON Pontus";54;80;53;31;66;69;29;49;62;29;9;5;14;6;7;73;76;54;59;39;28
390;"Russia";"MF";185;77;"ZOBNIN Roman";74;70;70;65;77;75;62;43;79;55;10;8;13;15;9;65;75;63;76;53;64
412;"Uruguay";"FW";186;78;"STUANI Cristhian";70;77;66;63;72;77;68;66;71;76;16;14;9;16;8;79;36;83;59;80;80
555;"Switzerland";"DF";185;78;"LANG Michael";72;69;65;57;75;71;80;45;60;68;12;8;9;10;11;80;74;80;73;59;65
169;"Belgium";"FW";180;75;"JANUZAJ Adnan";82;31;84;65;81;67;74;70;84;69;15;10;11;12;7;23;21;61;75;60;69
471;"Senegal";"FW";185;81;"DIOUF Mame";81;82;74;66;70;73;62;0;65;77;1;1;1;1;1;84;0;92;0;75;78
362;"Costa Rica";"FW";178;71;"CAMPBELL Joel";86;70;85;76;77;74;76;72;79;70;8;15;14;15;14;52;45;78;68;75;75
61;"Uruguay";"DF";178;75;"CACERES Martin";74;76;79;74;64;76;68;68;60;37;2;3;4;2;4;76;80;91;65;50;50
623;"Serbia";"MF";186;80;"MILIVOJEVIC Luka";61;85;60;58;72;73;59;64;63;54;13;9;16;6;12;74;76;64;75;62;65
621;"Colombia";"DF";177;71;"ARIAS Santiago";84;75;78;76;74;75;75;31;74;35;14;7;14;15;16;62;70;82;72;56;65
611;"Nigeria";"MF";184;73;"NDIDI Onyinye";72;76;69;65;72;73;50;57;63;50;13;14;7;7;13;73;80;78;69;35;61
550;"England";"DF";193;98;"MAGUIRE Harry";40;75;38;55;64;71;41;29;64;30;14;16;9;14;9;77;74;71;65;40;52
406;"Poland";"MF";180;78;"GROSICKI Kamil";89;43;80;70;74;68;73;68;78;72;16;10;15;14;11;69;48;62;71;69;75
403;"Iceland";"FW";185;79;"FINNBOGASON Alfred";67;64;67;71;72;83;37;56;75;80;6;15;16;15;11;62;20;66;67;85;85
181;"Colombia";"DF";172;72;"FABRA Frank";85;72;82;71;73;68;70;60;78;49;7;15;13;9;7;69;72;84;51;55;61
454;"Morocco";"FW";182;72;"EL KAABI Ayoub";73;72;74;91;78;78;81;74;79;65;16;10;8;16;9;56;66;43;73;72;67
190;"Russia";"MF";180;76;"ZHIRKOV Yury";76;77;77;71;77;81;81;78;78;63;6;6;14;7;10;57;75;54;72;72;75
503;"Sweden";"MF";186;75;"EKDAL Albin";55;83;65;57;80;75;69;74;76;60;5;5;5;5;5;60;70;66;77;68;72
160;"Mexico";"FW";178;72;"PERALTA Oribe";69;78;77;64;75;80;62;66;72;77;14;15;9;7;10;74;42;81;64;73;80
693;"Argentina";"DF";181;81;"MERCADO Gabriel";74;81;55;51;70;73;68;56;53;52;12;16;10;12;6;75;78;76;64;49;61
64;"Portugal";"GK";183;79;"BETO";47;29;69;35;18;23;17;23;14;12;79;69;79;75;75;22;12;67;32;23;12
219;"Morocco";"DF";187;82;"DIRAR Nabil";76;70;77;65;79;76;78;75;82;65;6;8;8;15;13;47;53;74;67;52;75
322;"Croatia";"DF";184;81;"JEDVAJ Tin";75;83;67;65;68;67;67;45;60;51;15;13;10;10;12;74;76;81;60;44;49
197;"Russia";"MF";178;70;"GOLOVIN Aleksandr";80;59;75;65;79;67;63;73;85;66;12;14;14;10;16;38;68;63;72;52;73
129;"Serbia";"FW";181;75;"JOVIC Luka";75;65;77;75;78;67;77;78;77;72;10;11;10;9;12;54;66;63;76;67;75
513;"Switzerland";"FW";184;86;"EMBOLO Breel";79;63;77;73;81;76;59;65;78;74;13;6;7;7;12;68;41;73;70;66;78
106;"Denmark";"FW";193;84;"POULSEN Yussuf Yurary";85;83;75;55;73;67;66;70;76;68;6;11;15;14;8;78;44;82;46;59;76
691;"Poland";"DF";181;78;"PAZDAN Michal";56;92;63;69;63;69;53;48;49;35;15;13;6;16;12;70;74;93;64;31;45
530;"Peru";"MF";174;66;"HURTADO Paolo";81;48;79;73;78;74;68;68;77;0;7;12;16;11;9;70;45;80;0;69;0
658;"Colombia";"DF";184;80;"MURILLO Oscar";66;79;53;51;56;48;59;35;46;42;13;11;10;16;14;75;79;85;65;32;29
102;"Croatia";"FW";186;83;"PJACA Marko";84;50;81;75;87;70;76;82;86;61;11;5;10;9;12;68;30;68;67;72;60
735;"Mexico";"GK";182;80;"CORONA Jose";0;11;0;60;20;67;17;14;13;12;0;0;0;78;0;13;23;79;33;21;15
173;"Denmark";"MF";186;85;"LERAGER Lukas";61;76;69;66;72;65;62;47;68;67;7;7;14;13;13;74;0;74;71;48;74
240;"Denmark";"GK";195;90;"LOSSL Jonas";29;17;32;30;19;30;14;14;15;12;74;77;67;71;77;17;20;51;34;12;10
566;"Nigeria";"DF";190;89;"BALOGUN Leon";66;75;55;52;62;72;69;59;60;30;6;15;12;10;6;78;75;75;64;39;49
88;"Sweden";"MF";180;69;"DURMAZ Jimmy";82;75;77;76;75;75;74;76;80;69;8;14;9;12;15;22;22;53;73;74;65
671;"Saudi Arabia";"DF";188;83;"OSAMA HAWSAWI";73;67;65;69;53;74;44;50;54;57;16;9;6;8;11;73;71;78;57;64;57
405;"Morocco";"MF";178;72;"FAJR Faycal";68;59;76;72;79;63;81;82;76;69;15;12;14;15;6;49;31;43;75;73;69
489;"Switzerland";"MF";181;75;"FREULER Remo";70;60;71;61;76;75;73;60;73;63;12;8;9;14;13;41;70;58;74;61;77
355;"Serbia";"GK";191;85;"RAJKOVIC Predrag";62;87;34;42;50;63;39;36;42;20;9;7;9;10;12;75;67;55;59;41;29
512;"Colombia";"MF";185;82;"AGUILAR Abel";44;86;56;53;70;70;57;61;65;59;12;11;15;6;11;73;80;67;69;59;68
188;"England";"DF";175;78;"YOUNG Ashley";79;58;81;77;79;65;84;86;78;65;16;10;15;16;15;54;67;57;69;65;68
389;"Egypt";"FW";182;76;"KAHRABA";80;51;80;66;79;64;66;67;83;76;7;9;16;15;7;64;28;70;59;69;78
599;"Sweden";"DF";177;81;"OLSSON Martin";79;74;74;64;70;72;69;64;72;55;11;9;7;9;12;64;69;73;66;49;69
124;"Sweden";"FW";192;78;"TOIVONEN Ola";51;63;64;52;76;76;69;73;74;77;9;8;14;12;6;74;42;58;69;71;75
143;"Japan";"DF";183;70;"SAKAI Hiroki";75;76;71;69;60;68;69;67;64;33;13;8;11;10;9;70;72;75;61;36;72
58;"Japan";"DF";189;78;"YOSHIDA Maya";61;66;72;57;63;65;36;38;57;34;12;16;8;6;13;74;70;85;52;54;42
452;"Serbia";"FW";189;82;"MITROVIC Aleksandar";52;89;61;48;71;76;29;39;68;76;15;12;6;7;13;84;14;81;43;64;77
371;"Sweden";"GK";187;83;"JOHNSSON Karl-Johan";50;35;45;32;22;44;11;12;16;13;75;70;77;75;79;19;20;72;38;17;16
664;"Croatia";"DF";186;78;"STRINIC Ivan";73;71;72;73;75;69;76;62;71;48;10;8;14;13;10;56;75;72;66;61;70
359;"Switzerland";"GK";186;84;"MVOGO Yvon";43;30;60;57;24;30;13;14;18;10;79;73;68;71;78;18;13;71;22;20;13
524;"Japan";"MF";175;64;"SHIBASAKI Gaku";73;62;78;77;77;75;68;59;74;66;10;13;13;9;6;56;74;67;75;71;65
290;"Nigeria";"FW";183;80;"IHEANACHO Kelechi";84;56;78;68;75;72;48;67;73;79;8;7;7;11;15;60;17;58;58;74;79
341;"Denmark";"DF";191;85;"JORGENSEN Mathias";66;84;62;55;66;71;47;30;48;34;16;9;9;14;13;76;71;73;68;27;46
484;"Poland";"MF";176;73;"LINETTY Karol";71;79;76;79;76;71;59;62;74;60;13;8;11;14;6;57;77;80;73;50;72
291;"Uruguay";"MF";168;61;"TORREIRA Lucas";79;78;85;93;78;75;67;62;74;50;5;5;13;7;9;32;77;32;76;48;65
227;"Colombia";"MF";179;70;"LERMA Jefferson";76;78;76;76;75;63;69;67;71;56;16;14;11;7;9;58;74;81;71;58;58
36;"Argentina";"MF";169;65;"PAVON Cristian";90;56;91;81;74;70;62;71;78;72;11;10;9;13;7;45;19;59;66;59;70
606;"Saudi Arabia";"DF";185;76;"OMAR OTHMAN";69;76;71;53;48;61;26;30;41;20;10;8;7;11;10;72;72;79;48;36;45
15;"Saudi Arabia";"DF";180;79;"MOTAZ HAWSAWI";72;71;64;50;60;55;37;38;46;33;12;14;8;8;12;75;74;88;42;43;33
349;"Sweden";"MF";183;77;"SVENSSON Gustav";54;82;49;59;68;69;44;52;64;34;15;12;11;16;6;64;73;73;68;45;50
612;"Switzerland";"DF";187;77;"ELVEDI Nico";68;68;65;53;70;63;58;48;66;25;9;15;10;12;9;65;75;73;61;37;49
354;"Spain";"DF";178;67;"ODRIOZOLA Alvaro";79;61;64;51;67;64;75;46;48;42;11;12;10;5;14;71;71;56;44;62;44
499;"Serbia";"FW";191;88;"PRIJOVIC Aleksandar";74;63;54;51;75;75;45;52;70;77;7;16;15;8;6;80;31;66;55;66;75
226;"Russia";"MF";182;67;"MIRANCHUK Anton";71;43;77;67;73;67;65;64;76;70;8;8;9;12;15;53;36;58;71;57;66
261;"Russia";"MF";185;77;"MIRANCHUK Alexey";71;43;77;67;73;67;65;64;76;70;8;8;9;12;15;53;36;58;71;57;66
309;"Korea Republic";"DF";176;67;"HONG Chul";89;63;73;80;68;60;75;76;70;24;11;11;13;7;15;58;64;86;66;70;73
111;"Australia";"DF";183;76;"SAINSBURY Trent";73;64;67;60;62;70;61;62;58;46;13;12;11;14;6;74;76;77;68;65;56
62;"Colombia";"GK";180;80;"CUADRADO Jose";42;24;55;50;24;44;13;13;15;12;74;71;67;72;76;19;24;69;25;23;16
607;"Australia";"DF";178;78;"MILLIGAN Mark";68;80;64;73;66;78;61;61;62;48;7;11;14;15;8;73;71;75;73;80;53
198;"Tunisia";"MF";185;69;"SKHIRI Ellyes";68;72;74;64;72;67;69;65;72;59;15;14;8;14;14;73;79;75;73;58;56
538;"Sweden";"MF";178;70;"LARSSON Sebastian";55;80;65;73;76;74;83;85;70;72;7;11;14;14;8;66;61;70;73;70;70
86;"Russia";"MF";191;79;"EROKHIN Aleksandr";56;71;62;57;74;65;69;62;73;75;9;14;15;10;14;73;63;64;71;65;74
81;"Japan";"DF";176;74;"SAKAI Gotoku";76;69;78;76;73;68;73;74;69;41;7;15;7;8;13;60;69;72;69;49;58
583;"Colombia";"MF";178;74;"BARRIOS Wilmar";66;82;67;67;65;68;59;31;58;30;13;14;13;15;16;59;78;83;65;32;60
594;"Russia";"DF";191;87;"SEMENOV Andrey";55;55;43;54;70;66;50;33;55;36;11;8;16;7;15;63;75;78;70;51;26
646;"Mexico";"DF";189;83;"SALCEDO Carlos";66;70;65;61;60;65;28;25;58;22;6;10;6;7;11;68;76;72;58;36;30
165;"Nigeria";"FW";185;86;"IWOBI Alex";79;46;77;76;83;70;52;50;83;63;14;7;12;14;11;42;24;50;57;56;68
115;"Uruguay";"FW";172;66;"URRETAVISCAYA Jonathan";84;56;77;74;74;73;74;75;75;66;9;15;12;14;6;54;30;66;66;61;70
395;"Japan";"MF";178;72;"USAMI Takashi";79;30;79;80;75;72;70;71;80;71;9;11;9;6;7;41;34;33;69;59;72
67;"Morocco";"MF";183;77;"AMRABAT Sofyan";69;66;72;77;80;72;76;66;77;47;13;13;6;16;12;54;0;60;80;47;0
716;"Peru";"GK";189;79;"GALLESE Pedro";45;22;34;57;22;25;21;12;19;20;77;69;68;72;72;18;25;58;24;22;18
100;"Argentina";"MF";177;75;"LO CELSO Giovani";75;65;77;78;79;68;73;67;76;55;10;7;10;15;14;36;34;57;73;55;66
654;"Switzerland";"DF";180;76;"MOUBANDJE Francois";71;76;65;68;71;72;65;61;70;42;15;14;13;11;6;66;74;84;67;56;69
201;"Nigeria";"MF";172;74;"ONAZI Ogenyi";83;69;90;91;75;65;67;75;72;51;13;9;13;14;7;53;74;55;74;60;68
717;"Sweden";"GK";198;89;"OLSEN Robin";28;29;33;31;17;41;16;15;11;11;69;75;71;72;76;15;19;39;32;30;13
153;"Costa Rica";"DF";196;87;"WASTON Kendall";50;94;38;31;55;48;28;21;37;30;13;14;14;6;7;76;72;79;0;39;39
7;"Denmark";"FW";173;69;"SISTO Pione";82;52;83;81;79;66;61;70;80;74;12;6;12;11;11;51;51;79;62;66;71
669;"Serbia";"DF";185;79;"TOSIC Dusko";36;82;33;41;66;65;66;53;66;31;11;6;10;12;16;67;72;71;62;43;62
295;"Australia";"FW";178;72;"MacLAREN Jamie";87;71;85;84;67;74;57;70;67;74;9;15;11;6;13;62;52;84;50;74;77
274;"Colombia";"MF";182;71;"URIBE Mateus";76;72;70;73;71;68;70;63;70;70;16;13;16;7;14;67;65;75;76;68;66
230;"Sweden";"DF";181;72;"KRAFTH Emil";74;70;73;72;68;70;68;70;68;41;8;13;15;14;7;64;70;68;62;54;52
647;"Russia";"DF";190;82;"KUTEPOV Ilya";32;70;48;55;54;63;34;40;38;35;12;8;12;16;11;80;83;34;70;36;30
695;"Sweden";"DF";189;77;"LUSTIG Mikael";53;68;67;54;69;76;69;65;66;48;12;7;8;13;10;75;75;81;66;33;44
122;"Switzerland";"DF";192;90;"DJOUROU Johan";65;74;53;37;43;69;44;42;29;35;16;15;13;7;14;77;75;66;68;48;44
587;"Serbia";"DF";188;82;"SPAJIC Uros";66;83;65;64;66;64;53;39;57;34;12;8;9;15;13;76;69;79;53;44;41
161;"Senegal";"FW";175;70;"SARR Ismaila";92;41;79;74;74;63;65;58;78;69;14;13;7;6;9;44;26;45;57;58;67
233;"Germany";"DF";191;85;"RUEDIGER Antonio";47;74;59;57;61;52;41;37;54;41;11;12;12;13;13;67;74;71;60;48;50
331;"Argentina";"MF";180;76;"MEZA Maximiliano";77;73;81;71;75;68;73;81;77;68;9;9;16;12;11;66;27;62;64;50;60
22;"Sweden";"GK";190;85;"NORDFELDT Kristoffer";55;24;58;46;24;18;11;20;14;13;73;66;66;74;78;13;23;83;26;13;15
110;"Colombia";"MF";169;64;"QUINTERO Juan";88;77;90;81;72;68;64;72;77;68;7;9;16;7;12;55;24;65;71;59;78
121;"Morocco";"FW";188;80;"BOUHADDOUZ Aziz";63;78;59;59;69;72;49;70;63;76;8;6;15;11;6;72;33;77;53;73;72
648;"Japan";"DF";182;74;"SHOJI Gen";75;70;49;69;58;69;35;32;44;29;9;7;9;12;12;72;71;76;68;32;29
235;"Australia";"DF";170;63;"BEHICH Aziz";84;73;84;84;72;64;72;72;74;61;14;11;11;14;15;54;66;73;71;47;61
507;"Iceland";"MF";183;77;"BJARNASON Birkir";72;71;72;77;76;75;70;55;67;71;13;6;9;12;10;76;65;81;70;39;77
323;"Serbia";"DF";188;77;"VELJKOVIC Milos";54;62;49;61;64;70;39;31;52;23;15;7;15;11;11;68;75;73;64;37;37
269;"Sweden";"MF";184;73;"HILJEMARK Oscar";70;69;66;64;74;73;50;64;70;48;6;8;15;16;12;59;70;72;76;64;63
208;"Sweden";"MF";183;79;"CLAESSON Viktor";70;68;76;63;73;77;65;69;70;69;12;7;9;10;7;40;38;48;69;63;72
296;"Sweden";"DF";192;83;"HELANDER Filip";42;80;56;49;50;63;30;39;48;28;15;8;10;7;16;72;76;68;48;34;24
548;"Sweden";"DF";181;76;"AUGUSTINSSON Ludwig";82;63;79;73;71;70;77;75;71;55;10;12;10;15;8;41;64;69;75;62;65
75;"Denmark";"FW";195;91;"CORNELIUS Andreas";68;71;49;69;70;71;42;45;67;73;15;9;8;11;9;77;28;75;43;65;71
556;"Egypt";"DF";194;95;"AHMED HEGAZY";39;76;45;51;62;60;18;36;37;17;14;14;5;10;8;76;74;70;42;30;20
483;"Nigeria";"MF";174;74;"ETEBO Oghenekaro";85;47;85;78;76;67;64;64;77;66;10;6;13;6;9;67;16;80;52;65;73
510;"Portugal";"MF";170;61;"JOAO MOUTINHO";54;69;61;58;69;70;47;60;66;76;7;7;13;8;6;77;37;76;44;76;73
324;"Peru";"MF";185;85;"TAPIA Renato";68;80;70;67;77;65;60;65;77;44;16;14;7;15;8;74;68;81;68;61;60
185;"Spain";"DF";170;68;"ALBA Jordi";84;49;76;82;75;63;67;57;74;70;13;15;12;7;12;59;38;79;62;72;70
95;"Spain";"FW";170;67;"SILVA David";84;49;76;82;75;63;67;57;74;70;13;15;12;7;12;59;38;79;62;72;70
733;"Japan";"GK";185;74;"KAWASHIMA Eiji";44;16;70;46;28;44;17;13;12;14;73;64;70;69;0;14;19;71;33;24;11
42;"Nigeria";"DF";185;82;"OMERUO Kenneth";67;77;65;56;60;70;47;24;53;22;9;8;16;7;15;71;69;87;60;35;34
663;"Egypt";"DF";183;76;"AHMED ELMOHAMADY";77;59;72;63;73;68;75;74;73;61;14;7;9;10;7;72;71;81;69;59;69
329;"Uruguay";"DF";185;74;"SILVA Gaston";69;59;67;58;69;70;70;58;65;33;7;7;13;12;10;73;75;59;59;55;47
674;"France";"DF";186;76;"PAVARD Benjamin";69;69;69;66;68;62;67;49;66;37;9;7;15;7;15;65;75;85;66;51;54
314;"Russia";"DF";184;80;"GRANAT Vladimir";50;75;65;56;50;73;62;67;48;43;12;13;14;13;6;65;74;71;63;41;29
170;"Croatia";"FW";185;78;"REBIC Ante";76;65;67;58;75;65;74;65;75;70;13;15;12;13;14;68;29;66;57;63;69
196;"Switzerland";"MF";189;77;"ZAKARIA Denis";64;80;64;62;76;64;69;58;72;32;12;12;7;13;11;64;75;74;76;39;58
239;"Costa Rica";"DF";175;67;"GAMBOA Cristian";89;66;81;84;68;68;67;66;67;32;12;10;13;7;14;52;70;86;64;54;63
260;"Morocco";"MF";184;75;"AIT BENNASSER Youssef";73;60;74;68;76;72;64;59;77;56;6;6;8;11;15;58;65;71;76;42;68
442;"Australia";"FW";180;66;"KRUSE Robbie";81;60;75;72;73;69;71;69;76;67;14;11;12;14;15;52;39;73;56;65;72
687;"Tunisia";"DF";189;87;"BEN YOUSSEF Syam";62;75;32;45;53;64;40;34;50;38;12;15;8;15;10;67;68;82;49;36;42
494;"Tunisia";"FW";189;80;"BEN YOUSSEF Fakhreddine";62;75;32;45;53;64;40;34;50;38;12;15;8;15;10;67;68;82;49;36;42
500;"Costa Rica";"DF";172;70;"OVIEDO Bryan";79;72;79;79;73;69;72;59;75;61;11;12;8;10;16;48;69;83;64;56;66
116;"Costa Rica";"MF";176;78;"GUZMAN David";66;81;68;66;68;71;70;70;67;51;10;7;12;13;8;61;68;68;77;61;65
13;"Tunisia";"FW";173;65;"SLITI Naim";74;59;79;79;76;64;60;64;77;66;8;15;15;11;12;49;32;64;68;70;69
114;"Belgium";"DF";188;84;"BOYATA Dedryck";67;75;45;56;62;61;51;34;40;11;11;8;13;13;8;77;68;84;63;13;47
527;"Australia";"FW";181;84;"LECKIE Mathew";91;73;77;78;69;65;68;72;74;59;8;10;8;6;10;56;30;78;52;69;67
344;"Poland";"MF";173;75;"RYBUS Maciej";78;74;77;82;74;67;75;77;74;66;14;6;13;16;12;52;68;74;64;70;68
586;"Iceland";"DF";188;80;"INGASON Sverrir";63;73;58;58;60;66;45;48;47;43;13;9;10;9;9;66;74;80;57;50;54
381;"Japan";"GK";184;78;"HIGASHIGUCHI Masaaki";34;26;34;46;12;26;12;14;8;8;70;73;75;70;70;11;12;59;28;15;12
8;"Mexico";"MF";177;74;"GALLARDO Jesus";76;36;67;69;73;66;71;60;77;67;9;7;8;12;11;56;55;38;65;65;69
352;"Panama";"DF";182;78;"MACHADO Adolfo";64;75;59;62;59;75;33;27;45;27;14;14;14;7;10;62;76;67;40;44;41
487;"Australia";"MF";176;76;"LUONGO Massimo";73;65;79;74;71;63;51;48;73;53;15;13;9;14;6;57;67;75;67;52;63
41;"Costa Rica";"DF";175;70;"MATARRITA Ronald";86;64;77;76;69;59;65;60;71;33;15;7;8;8;6;58;66;74;54;59;60
71;"Egypt";"MF";181;77;"TREZEGUET";82;45;78;70;70;66;65;62;74;65;8;10;15;10;7;35;22;65;67;65;65
712;"Morocco";"GK";190;77;"BOUNOU Yassine";37;25;38;29;12;39;15;12;20;14;68;78;69;71;66;14;12;48;44;24;10
66;"Mexico";"FW";186;72;"ALVAREZ Edson";71;61;73;68;71;70;64;27;68;40;7;11;10;7;6;74;69;73;71;65;55
43;"Egypt";"FW";179;77;"AMR WARDA";80;33;65;77;71;61;76;70;76;60;13;7;12;8;11;33;18;39;70;63;61
163;"Morocco";"MF";179;66;"HARIT Amine";83;42;82;81;75;69;64;70;86;53;15;13;10;13;6;46;29;57;74;52;63
225;"Serbia";"MF";190;82;"GRUJIC Marko";63;75;56;53;72;60;60;60;67;70;9;14;8;12;13;69;70;74;72;57;72
311;"Denmark";"DF";190;81;"DALSGAARD Henrik";77;60;68;65;67;58;70;48;68;65;12;14;12;9;8;57;60;65;60;52;73
45;"Australia";"MF";180;77;"IRVINE Jackson";78;72;63;70;71;71;59;60;68;69;7;13;11;9;11;72;69;78;68;55;73
141;"Sweden";"MF";182;76;"ROHDEN Marcus";73;87;73;73;70;74;60;64;68;63;13;12;10;13;14;42;63;70;71;66;67
673;"Morocco";"DF";179;65;"HAKIMI Achraf";76;57;75;74;70;62;71;46;70;57;10;8;14;6;8;58;68;64;65;46;58
702;"Costa Rica";"DF";176;75;"ACOSTA Johnny";62;82;55;60;60;66;29;39;45;35;12;6;7;12;14;69;66;77;60;37;34
118;"Panama";"MF";183;82;"GODOY Anibal";50;82;67;66;68;76;42;48;68;58;8;15;14;9;6;51;64;64;77;36;41
258;"Croatia";"DF";192;89;"CALETA-CAR Duje";64;71;47;62;53;66;28;28;54;32;8;9;9;10;8;72;63;74;43;38;60
97;"Nigeria";"DF";192;76;"AWAZIEM Chidozie";67;77;60;52;55;65;30;33;48;36;12;5;11;14;13;70;72;73;42;40;28
537;"Uruguay";"MF";178;79;"RODRIGUEZ Cristian";67;39;74;70;76;53;54;54;75;67;9;15;9;7;10;62;20;51;64;45;67
236;"Japan";"MF";173;72;"YAMAGUCHI Hotaru";78;72;84;81;72;72;49;55;70;52;11;15;8;7;9;52;69;74;73;41;52
257;"Serbia";"DF";195;90;"MILENKOVIC Nikola";47;84;39;41;37;71;29;27;25;19;8;7;13;7;14;75;62;71;47;35;22
681;"Germany";"DF";181;76;"PLATTENHARDT Marvin";65;64;55;58;68;59;35;64;64;69;11;13;14;14;15;72;22;67;42;55;70
119;"Egypt";"DF";183;82;"SAMIR SAAD";76;58;70;67;46;63;41;50;58;36;14;13;10;7;12;65;68;68;57;52;45
20;"Iran";"DF";185;75;"REZAEIAN Ramin";72;72;59;56;67;68;76;75;68;52;8;11;11;9;7;58;67;65;71;68;66
375;"Morocco";"GK";190;88;"EL KAJOUI Monir";43;24;39;42;31;32;21;25;19;19;67;70;62;72;69;23;27;63;33;25;18
89;"Serbia";"MF";194;86;"MATIC Nemanja";69;71;70;69;70;67;58;54;69;63;14;14;15;8;6;62;60;75;70;51;69
711;"Senegal";"GK";189;79;"DIALLO Abdoulaye";42;18;57;52;17;23;12;15;15;11;70;65;65;72;68;13;24;66;25;20;11
736;"Egypt";"GK";190;90;"ESSAM EL HADARY";28;29;21;41;25;57;20;17;17;14;65;72;66;75;67;16;16;59;14;20;14
677;"Japan";"DF";186;79;"UEDA Naomichi";66;61;55;51;56;55;32;25;31;24;6;8;9;13;9;70;61;73;52;30;28
139;"Australia";"DF";169;70;"RISDON Joshua";78;71;59;86;64;60;66;56;60;48;6;8;7;15;8;53;70;91;57;43;43
413;"Senegal";"MF";192;90;"NDOYE Cheikh";54;69;59;71;65;66;53;44;52;62;13;10;6;8;7;66;54;73;65;44;65
539;"Denmark";"MF";185;80;"KVIST William";49;75;61;65;70;71;67;57;59;46;8;14;6;16;15;58;74;65;70;59;61
638;"Australia";"FW";180;76;"CAHILL Tim";64;88;66;80;68;72;44;65;65;73;13;11;7;7;6;93;48;94;59;67;78
679;"Australia";"DF";187;85;"DEGENEK Milos";69;76;53;60;64;50;40;34;49;40;14;12;7;10;12;68;64;70;63;39;32
74;"Iceland";"MF";183;73;"TRAUSTASON Arnor";80;71;78;73;70;72;70;71;69;62;11;12;15;9;8;41;44;47;62;57;62
189;"Australia";"GK";187;94;"VUKOVIC Danny";53;41;41;58;18;34;11;15;11;11;70;68;63;65;70;16;17;66;12;37;6
603;"Panama";"DF";188;99;"TORRES Roman";33;81;34;32;51;44;39;34;34;33;8;7;8;12;12;73;65;55;63;50;39
213;"Iceland";"MF";181;86;"GUNNARSSON Aron";64;83;76;74;72;65;64;56;66;57;11;6;16;10;9;68;72;75;68;52;62
247;"Switzerland";"MF";180;72;"FERNANDES Gelson";78;60;70;56;71;63;57;57;73;65;12;7;13;15;13;43;42;59;70;55;65
60;"Korea Republic";"DF";170;65;"GO Yohan";77;59;69;84;65;65;65;50;66;59;11;12;13;16;15;60;63;85;66;52;64
686;"Senegal";"DF";173;69;"CISS Saliou";77;81;70;79;65;67;68;58;68;58;13;8;9;7;14;60;62;71;59;33;59
551;"Japan";"DF";178;75;"ENDO Wataru";78;71;47;65;68;47;50;37;65;37;9;13;7;11;5;68;69;74;0;62;32
620;"Egypt";"MF";175;71;"OMAR GABER";77;76;72;81;70;69;63;46;62;52;8;10;13;12;6;63;62;57;72;46;39
120;"Japan";"DF";182;77;"MAKINO Tomoaki";72;73;69;60;66;58;59;27;64;19;13;7;16;9;12;70;0;76;62;38;56
589;"Denmark";"DF";187;82;"KNUDSEN Jonas";78;66;73;75;65;55;66;64;63;25;13;13;13;8;15;62;65;70;64;41;56
222;"Poland";"MF";173;68;"PESZKO Slawomir";60;86;73;80;71;63;71;68;71;63;14;11;13;7;16;36;42;72;67;55;68
209;"Denmark";"DF";182;82;"STRYGER LARSEN Jens";82;72;72;72;65;62;62;61;63;49;7;8;12;7;9;46;68;77;60;50;56
33;"England";"DF";175;70;"ALEXANDER-ARNOLD Trent";81;69;75;75;63;65;70;73;68;56;14;15;14;6;7;56;64;67;67;55;62
6;"Japan";"GK";184;72;"NAKAMURA Kosuke";26;31;52;53;18;33;12;14;12;9;74;60;68;57;78;12;9;60;21;13;6
293;"Peru";"MF";174;71;"POLO Andy";87;27;88;85;67;59;69;54;73;66;10;7;12;12;14;59;24;40;56;44;70
176;"Japan";"MF";168;64;"OSHIMA Ryota";85;58;79;87;71;73;63;76;69;54;12;6;11;6;10;34;70;77;66;64;60
255;"Egypt";"GK";193;93;"SHERIF EKRAMY";60;36;42;55;24;55;14;14;12;13;65;69;77;64;79;14;15;68;31;15;10
545;"Uruguay";"MF";187;73;"BENTANCUR Rodrigo";62;51;67;68;68;61;56;44;73;48;8;7;14;14;12;62;59;70;68;50;59
562;"Australia";"DF";190;83;"JURMAN Matthew";53;76;47;41;47;57;55;30;48;41;8;16;14;12;16;67;72;69;64;37;23
94;"Peru";"GK";182;84;"CARVALLO Jose";52;43;46;55;19;50;13;13;20;10;73;67;69;68;61;12;22;52;24;13;13
162;"Tunisia";"FW";176;71;"SRARFI Bassem";76;30;77;67;73;62;63;55;77;65;9;6;13;7;11;40;18;48;53;66;57
14;"England";"GK";191;76;"POPE Nick";50;36;29;45;24;37;11;11;13;14;72;67;66;67;0;11;17;59;35;22;13
592;"Egypt";"MF";173;75;"SAM MORSY";64;78;81;78;66;76;52;39;70;53;14;15;8;8;13;47;68;80;62;44;60
346;"Costa Rica";"MF";180;70;"WALLACE Rodney";78;74;74;72;66;65;65;69;65;63;11;12;15;15;16;63;60;73;56;59;67
175;"Iceland";"DF";191;85;"MAGNUSSON Hordur";58;64;54;55;57;66;47;62;50;25;10;5;5;10;10;66;67;70;55;39;19
659;"Australia";"DF";179;71;"MEREDITH James";77;55;63;60;60;50;64;58;62;33;15;7;13;12;14;64;62;46;58;32;49
577;"Poland";"DF";189;77;"BEDNAREK Jan";63;67;59;62;46;58;29;23;40;19;11;13;16;7;9;59;64;74;41;32;26
447;"Costa Rica";"MF";187;73;"RUIZ Bryan";88;32;84;78;66;65;64;60;71;65;9;6;13;15;11;56;14;63;55;65;62
332;"Switzerland";"DF";180;79;"RODRIGUEZ Ricardo";82;53;83;65;70;68;65;60;67;61;9;8;9;10;14;49;44;59;60;66;62
207;"Costa Rica";"MF";179;67;"TEJEDA Yeltsin";67;72;62;72;70;58;57;57;68;47;15;9;15;15;12;62;67;74;71;49;57
2;"Poland";"FW";185;75;"KOWNACKI Dawid";79;59;73;62;66;65;54;52;67;70;15;13;9;9;11;63;42;67;59;72;68
85;"Senegal";"DF";181;74;"GASSAMA Lamine";71;79;76;68;64;60;69;54;62;35;15;6;7;13;6;58;64;66;60;59;48
689;"Egypt";"DF";191;88;"ALI GABR";65;66;63;60;41;65;34;34;42;25;14;7;14;8;7;60;62;66;66;24;22
644;"Sweden";"DF";187;81;"LINDELOF Victor";48;18;30;32;18;35;16;13;20;13;69;63;63;66;69;12;22;60;18;23;15
136;"Colombia";"FW";183;74;"BORJA Miguel";90;63;78;68;65;45;66;46;63;48;13;11;15;12;6;58;59;71;64;46;58
280;"Peru";"DF";182;72;"RAMOS Christian";62;73;59;59;54;29;43;37;44;34;13;13;13;10;11;68;61;68;51;31;35
47;"Sweden";"FW";189;83;"THELIN Isaac Kiese";66;64;65;65;64;59;62;57;59;58;6;11;6;11;10;58;18;70;59;62;72
327;"Colombia";"DF";194;95;"MINA Yerry";41;19;39;57;21;22;17;16;20;16;71;68;62;58;72;16;19;55;23;23;16
76;"Poland";"MF";182;73;"KURZAWA Rafal";51;39;0;0;0;62;0;0;68;58;9;15;9;9;8;50;60;0;68;55;0
404;"Costa Rica";"FW";183;76;"VENEGAS Johan";69;78;68;69;65;60;62;66;71;65;7;6;12;9;12;60;43;71;56;67;66
410;"Panama";"MF";173;72;"COOPER Armando";79;81;79;73;68;66;61;65;75;55;8;6;15;7;10;49;58;65;66;60;58
357;"Saudi Arabia";"MF";192;73;"MOHAMED KANNO";75;66;73;59;70;60;60;52;67;58;10;15;9;13;11;68;57;59;65;53;58
579;"Peru";"DF";178;77;"ARAUJO Miguel";66;76;60;70;53;54;41;23;46;27;13;15;9;16;8;69;58;70;59;51;22
546;"Iran";"MF";190;82;"EZATOLAHI Saeid";67;75;52;56;64;62;44;42;60;56;14;10;15;7;14;58;66;57;66;46;59
254;"Uruguay";"DF";173;73;"PEREIRA Maximiliano";70;71;68;63;66;63;57;67;67;55;14;16;7;13;8;65;66;68;66;69;57
506;"Egypt";"MF";169;67;"TAREK HAMED";66;55;59;70;60;64;60;40;69;63;16;15;12;12;13;63;66;63;65;66;59
351;"Egypt";"DF";171;72;"MOHAMED ABDELSHAFY";66;55;59;70;60;64;60;40;69;63;16;15;12;12;13;63;66;63;65;66;59
24;"Egypt";"GK";191;86;"MOHAMED ELSHENAWY";66;55;59;70;60;64;60;40;69;63;16;15;12;12;13;63;66;63;65;66;59
70;"Nigeria";"DF";187;74;"EBUEHI Tyronne";86;66;69;62;62;58;54;41;64;37;8;16;16;11;14;52;62;84;47;47;52
651;"Panama";"DF";183;92;"CUMMINGS Harold";69;68;54;53;55;42;40;28;49;21;8;15;12;13;13;63;64;68;54;38;39
591;"Tunisia";"DF";185;76;"HADDADI Oussama";67;69;55;58;58;65;58;55;64;34;6;6;14;9;14;62;60;65;53;41;55
387;"Tunisia";"DF";186;75;"BRONN Dylan";66;46;58;63;52;64;53;29;47;21;6;10;9;7;9;68;69;65;56;37;26
613;"Panama";"DF";182;82;"ESCOBAR Fidel";75;77;57;68;36;59;39;26;35;28;10;14;15;9;11;64;66;71;45;51;38
657;"Peru";"DF";172;75;"CORZO Aldo";69;53;72;73;62;40;65;46;53;18;15;12;8;13;6;51;64;43;53;43;39
392;"Australia";"FW";178;85;"NABBOUT Andrew";79;57;72;79;62;61;59;59;64;67;9;9;11;14;11;59;22;62;53;52;65
5;"Peru";"MF";174;71;"AQUINO Pedro";55;68;52;76;55;55;44;49;56;40;13;7;5;8;15;58;63;57;63;64;47
467;"Egypt";"FW";185;81;"MARWAN MOHSEN";66;57;55;58;65;60;51;46;61;64;11;11;10;14;12;70;20;73;34;73;65
553;"Saudi Arabia";"DF";173;61;"MOHAMMED ALBURAYK";83;66;73;89;59;50;60;28;58;60;8;12;13;11;8;52;62;73;47;32;61
445;"Saudi Arabia";"FW";179;75;"MOHAMMED ALSAHLAWI";83;66;73;89;59;50;60;28;58;60;8;12;13;11;8;52;62;73;47;32;61
52;"Saudi Arabia";"GK";187;79;"MOHAMMED ALOWAIS";83;66;73;89;59;50;60;28;58;60;8;12;13;11;8;52;62;73;47;32;61
675;"Panama";"DF";183;78;"MURILLO Michael";77;75;65;64;58;52;59;57;55;32;5;15;12;11;14;59;59;87;51;65;49
379;"Poland";"GK";194;83;"BIALKOWSKI Bartosz";85;70;64;67;63;62;53;47;62;64;13;7;10;14;9;44;64;68;49;35;55
177;"Poland";"DF";182;72;"BERESZYNSKI Bartosz";85;70;64;67;63;62;53;47;62;64;13;7;10;14;9;44;64;68;49;35;55
228;"Peru";"MF";179;76;"CARTAGENA Wilder";72;74;78;81;61;54;48;59;59;40;15;13;8;8;14;60;65;74;59;50;65
107;"Peru";"FW";170;72;"FLORES Edison";70;16;91;87;70;54;57;65;74;67;12;10;12;13;13;34;32;85;42;64;60
641;"Morocco";"DF";179;70;"MENDYL Hamza";78;65;69;67;58;59;62;54;60;36;11;12;14;14;6;56;59;60;47;48;52
718;"Tunisia";"GK";192;85;"BEN MUSTAPHA Farouk";47;24;33;45;21;23;13;11;14;13;63;67;59;68;54;16;21;56;18;21;14
619;"Uruguay";"DF";173;70;"VARELA Guillermo";71;75;72;74;67;59;67;62;70;61;7;6;8;12;10;43;27;62;52;60;54
151;"Nigeria";"MF";191;90;"OGU John";65;56;47;54;54;56;32;30;42;29;10;5;13;8;6;57;64;89;31;43;29
39;"Peru";"DF";179;68;"LOYOLA Nilson";68;30;57;78;62;59;66;39;62;53;6;12;6;14;11;62;43;46;64;51;52
622;"Peru";"DF";183;84;"SANTAMARIA Anderson";63;46;56;65;64;59;61;59;64;55;12;11;10;7;13;60;23;50;66;62;68
179;"Saudi Arabia";"MF";174;68;"SALEM ALDAWSARI";49;83;62;69;49;50;50;33;42;19;14;6;10;16;10;61;60;92;31;34;36
16;"Serbia";"GK";194;90;"DMITROVIC Marko";40;24;32;40;15;29;14;12;10;8;61;59;53;58;63;14;13;55;21;17;8
193;"Australia";"FW";171;73;"ARZANI Daniel";76;35;68;62;62;51;38;43;63;44;8;8;14;10;14;23;23;36;31;61;56
298;"Saudi Arabia";"MF";177;66;"ABDULLAH OTAYF";63;52;63;70;59;60;51;42;63;58;7;10;11;11;9;45;40;59;54;63;59
214;"Panama";"DF";178;75;"OVALLE Luis";71;61;60;64;51;37;52;37;49;36;14;14;16;7;15;29;57;63;46;44;38
259;"Saudi Arabia";"MF";175;66;"ABDULLAH ALKHAIBARI";69;62;59;73;46;42;37;31;48;31;6;13;15;9;12;49;56;63;49;40;47
313;"Mexico";"FW";175;71;"HERNANDEZ Javier";70;47;67;90;47;54;48;59;45;41;11;6;5;8;6;37;25;56;56;56;41
734;"Panama";"GK";183;70;"PENEDO Jaime";0;0;0;0;0;0;0;0;0;0;0;0;0;0;0;0;0;0;0;0;0
732;"Serbia";"GK";195;92;"STOJKOVIC Vladimir";0;0;0;0;0;0;0;0;0;0;0;0;0;0;0;0;0;0;0;0;0
731;"Iceland";"GK";193;88;"HALLDORSSON Hannes";0;0;0;0;0;0;0;0;0;0;0;0;0;0;0;0;0;0;0;0;0
708;"Iran";"GK";194;85;"BEIRANVAND Ali";0;0;0;0;0;0;0;0;0;0;0;0;0;0;0;0;0;0;0;0;0
678;"Iran";"MF";185;71;"TORABI Mehdi";0;0;0;0;0;0;0;0;0;0;0;0;0;0;0;0;0;0;0;0;0
730;"Argentina";"GK";192;90;"GUZMAN Nahuel";0;0;0;0;0;0;0;0;0;0;0;0;0;0;0;0;0;0;0;0;0
723;"Saudi Arabia";"GK";178;98;"ABDULLAH ALMUAIOUF";0;0;0;0;0;0;0;0;0;0;0;0;0;0;0;0;0;0;0;0;0
722;"Portugal";"GK";189;84;"RUI PATRICIO";0;0;0;0;0;0;0;0;0;0;0;0;0;0;0;0;0;0;0;0;0
720;"Nigeria";"GK";181;80;"EZENWA Ikechukwu";0;0;0;0;0;0;0;0;0;0;0;0;0;0;0;0;0;0;0;0;0
715;"Poland";"GK";195;84;"SZCZESNY Wojciech";0;0;0;0;0;0;0;0;0;0;0;0;0;0;0;0;0;0;0;0;0
714;"Korea Republic";"GK";187;80;"KIM Seunggyu";0;0;0;0;0;0;0;0;0;0;0;0;0;0;0;0;0;0;0;0;0
705;"Croatia";"GK";188;82;"LIVAKOVIC Dominik";0;0;0;0;0;0;0;0;0;0;0;0;0;0;0;0;0;0;0;0;0
699;"Peru";"DF";179;78;"RODRIGUEZ Alberto";0;0;0;0;0;0;0;0;0;0;0;0;0;0;0;0;0;0;0;0;0
697;"Iceland";"DF";186;75;"SAEVARSSON Birkir";0;0;0;0;0;0;0;0;0;0;0;0;0;0;0;0;0;0;0;0;0
696;"Colombia";"DF";187;82;"ZAPATA Cristian";0;0;0;0;0;0;0;0;0;0;0;0;0;0;0;0;0;0;0;0;0
690;"Saudi Arabia";"DF";173;68;"MANSOUR ALHARBI";0;0;0;0;0;0;0;0;0;0;0;0;0;0;0;0;0;0;0;0;0
680;"Nigeria";"DF";179;75;"IDOWU Bryan";0;0;0;0;0;0;0;0;0;0;0;0;0;0;0;0;0;0;0;0;0
676;"Uruguay";"DF";185;77;"GIMENEZ Jose";0;0;0;0;0;0;0;0;0;0;0;0;0;0;0;0;0;0;0;0;0
665;"Tunisia";"DF";185;75;"BEN ALOUANE Yohan";0;0;0;0;0;0;0;0;0;0;0;0;0;0;0;0;0;0;0;0;0
662;"Poland";"DF";189;78;"JEDRZEJCZYK Artur";0;0;0;0;0;0;0;0;0;0;0;0;0;0;0;0;0;0;0;0;0
661;"Nigeria";"DF";185;82;"ECHIEJILE Elderson";0;0;0;0;0;0;0;0;0;0;0;0;0;0;0;0;0;0;0;0;0
660;"Costa Rica";"DF";186;78;"GONZALEZ Giancarlo";0;0;0;0;0;0;0;0;0;0;0;0;0;0;0;0;0;0;0;0;0
645;"Korea Republic";"DF";188;74;"JUNG Seunghyun";0;0;0;0;0;0;0;0;0;0;0;0;0;0;0;0;0;0;0;0;0
642;"Iceland";"MF";185;78;"FRIDJONSSON Samuel";0;0;0;0;0;0;0;0;0;0;0;0;0;0;0;0;0;0;0;0;0
640;"Mexico";"DF";184;77;"MARQUEZ Rafael";0;0;0;0;0;0;0;0;0;0;0;0;0;0;0;0;0;0;0;0;0
636;"Brazil";"DF";190;84;"PEDRO GEROMEL";0;0;0;0;0;0;0;0;0;0;0;0;0;0;0;0;0;0;0;0;0
633;"Poland";"DF";184;81;"CIONEK Thiago";0;0;0;0;0;0;0;0;0;0;0;0;0;0;0;0;0;0;0;0;0
632;"Morocco";"DF";187;78;"DA COSTA Manuel";0;0;0;0;0;0;0;0;0;0;0;0;0;0;0;0;0;0;0;0;0
629;"Korea Republic";"DF";189;79;"OH Bansuk";0;0;0;0;0;0;0;0;0;0;0;0;0;0;0;0;0;0;0;0;0
626;"Saudi Arabia";"DF";182;83;"ALI ALBULAYHI";0;0;0;0;0;0;0;0;0;0;0;0;0;0;0;0;0;0;0;0;0
624;"Spain";"DF";179;77;"NACHO";0;0;0;0;0;0;0;0;0;0;0;0;0;0;0;0;0;0;0;0;0
617;"Tunisia";"DF";183;70;"MERIAH Yassine";0;0;0;0;0;0;0;0;0;0;0;0;0;0;0;0;0;0;0;0;0
610;"Iceland";"MF";177;80;"GUDMUNDSSON Albert";0;0;0;0;0;0;0;0;0;0;0;0;0;0;0;0;0;0;0;0;0
609;"Costa Rica";"DF";177;68;"SMITH Ian";0;0;0;0;0;0;0;0;0;0;0;0;0;0;0;0;0;0;0;0;0
608;"Uruguay";"MF";171;74;"SANCHEZ Carlos";0;0;0;0;0;0;0;0;0;0;0;0;0;0;0;0;0;0;0;0;0
656;"Iran";"DF";178;75;"HAJI SAFI Ehsan";0;0;0;0;0;0;0;0;0;0;0;0;0;0;0;0;0;0;0;0;0
602;"Japan";"DF";170;68;"NAGATOMO Yuto";0;0;0;0;0;0;0;0;0;0;0;0;0;0;0;0;0;0;0;0;0
616;"Iran";"DF";192;80;"CHESHMI Roozbeh";0;0;0;0;0;0;0;0;0;0;0;0;0;0;0;0;0;0;0;0;0
598;"Costa Rica";"MF";187;79;"BORGES Celso";0;0;0;0;0;0;0;0;0;0;0;0;0;0;0;0;0;0;0;0;0
597;"Spain";"MF";189;78;"BUSQUETS Sergio";0;0;0;0;0;0;0;0;0;0;0;0;0;0;0;0;0;0;0;0;0
596;"Korea Republic";"DF";185;78;"YUN Youngsun";0;0;0;0;0;0;0;0;0;0;0;0;0;0;0;0;0;0;0;0;0
578;"Switzerland";"DF";186;85;"AKANJI Manuel";0;0;0;0;0;0;0;0;0;0;0;0;0;0;0;0;0;0;0;0;0
576;"Portugal";"DF";191;84;"JOSE FONTE";0;0;0;0;0;0;0;0;0;0;0;0;0;0;0;0;0;0;0;0;0
573;"Panama";"MF";183;82;"GOMEZ Gabriel";0;0;0;0;0;0;0;0;0;0;0;0;0;0;0;0;0;0;0;0;0
571;"Colombia";"MF";182;82;"SANCHEZ Carlos";0;0;0;0;0;0;0;0;0;0;0;0;0;0;0;0;0;0;0;0;0
570;"Iceland";"DF";187;86;"SIGURDSSON Ragnar";0;0;0;0;0;0;0;0;0;0;0;0;0;0;0;0;0;0;0;0;0
569;"Korea Republic";"DF";174;71;"PARK Jooho";0;0;0;0;0;0;0;0;0;0;0;0;0;0;0;0;0;0;0;0;0
561;"Tunisia";"DF";187;77;"BEDOUI Rami";0;0;0;0;0;0;0;0;0;0;0;0;0;0;0;0;0;0;0;0;0
560;"Morocco";"DF";190;76;"SAISS Romain";0;0;0;0;0;0;0;0;0;0;0;0;0;0;0;0;0;0;0;0;0
558;"Senegal";"MF";196;84;"SANE Salif";0;0;0;0;0;0;0;0;0;0;0;0;0;0;0;0;0;0;0;0;0
554;"Peru";"DF";169;74;"TRAUCO Miguel";0;0;0;0;0;0;0;0;0;0;0;0;0;0;0;0;0;0;0;0;0
552;"Poland";"MF";172;66;"GORALSKI Jacek";0;0;0;0;0;0;0;0;0;0;0;0;0;0;0;0;0;0;0;0;0
584;"Iran";"DF";178;69;"MOHAMMADI Milad";0;0;0;0;0;0;0;0;0;0;0;0;0;0;0;0;0;0;0;0;0
542;"Iran";"MF";187;79;"SHOJAEI Masoud";0;0;0;0;0;0;0;0;0;0;0;0;0;0;0;0;0;0;0;0;0
544;"Panama";"FW";187;83;"PEREZ Blas";0;0;0;0;0;0;0;0;0;0;0;0;0;0;0;0;0;0;0;0;0
543;"Costa Rica";"MF";178;67;"BOLANOS Christian";0;0;0;0;0;0;0;0;0;0;0;0;0;0;0;0;0;0;0;0;0
541;"Egypt";"DF";176;76;"AHMED FATHI";0;0;0;0;0;0;0;0;0;0;0;0;0;0;0;0;0;0;0;0;0
536;"Senegal";"FW";180;75;"SOW Moussa";0;0;0;0;0;0;0;0;0;0;0;0;0;0;0;0;0;0;0;0;0
533;"Mexico";"MF";180;72;"LAYUN Miguel";0;0;0;0;0;0;0;0;0;0;0;0;0;0;0;0;0;0;0;0;0
531;"Saudi Arabia";"MF";179;63;"SALMAN ALFARAJ";0;0;0;0;0;0;0;0;0;0;0;0;0;0;0;0;0;0;0;0;0
528;"Iceland";"MF";179;77;"GUDMUNDSSON Johann";0;0;0;0;0;0;0;0;0;0;0;0;0;0;0;0;0;0;0;0;0
522;"Nigeria";"FW";173;65;"MUSA Ahmed";0;0;0;0;0;0;0;0;0;0;0;0;0;0;0;0;0;0;0;0;0
520;"Russia";"MF";182;74;"KUZIAEV Daler";0;0;0;0;0;0;0;0;0;0;0;0;0;0;0;0;0;0;0;0;0
519;"Morocco";"MF";180;70;"ZIYACH Hakim";0;0;0;0;0;0;0;0;0;0;0;0;0;0;0;0;0;0;0;0;0
515;"Tunisia";"FW";180;76;"KHAOUI Saifeddine";0;0;0;0;0;0;0;0;0;0;0;0;0;0;0;0;0;0;0;0;0
505;"Russia";"MF";180;75;"GAZINSKY Iury";0;0;0;0;0;0;0;0;0;0;0;0;0;0;0;0;0;0;0;0;0
502;"Senegal";"MF";189;75;"KOUYATE Cheikhou";0;0;0;0;0;0;0;0;0;0;0;0;0;0;0;0;0;0;0;0;0
497;"Saudi Arabia";"MF";165;63;"YAHIA ALSHEHRI";0;0;0;0;0;0;0;0;0;0;0;0;0;0;0;0;0;0;0;0;0
496;"Korea Republic";"MF";176;70;"JU Sejong";0;0;0;0;0;0;0;0;0;0;0;0;0;0;0;0;0;0;0;0;0
495;"Japan";"MF";178;68;"HARAGUCHI Genki";0;0;0;0;0;0;0;0;0;0;0;0;0;0;0;0;0;0;0;0;0
493;"Denmark";"MF";180;78;"DELANEY Thomas";0;0;0;0;0;0;0;0;0;0;0;0;0;0;0;0;0;0;0;0;0
491;"Peru";"MF";169;69;"CUEVA Christian";0;0;0;0;0;0;0;0;0;0;0;0;0;0;0;0;0;0;0;0;0
486;"Panama";"MF";175;72;"BARCENAS Edgar";0;0;0;0;0;0;0;0;0;0;0;0;0;0;0;0;0;0;0;0;0
488;"Iran";"DF";187;83;"POURALIGANJI Morteza";0;0;0;0;0;0;0;0;0;0;0;0;0;0;0;0;0;0;0;0;0
481;"Uruguay";"MF";171;61;"NANDEZ Nahitan";0;0;0;0;0;0;0;0;0;0;0;0;0;0;0;0;0;0;0;0;0
480;"Peru";"FW";185;88;"GUERRERO Paolo";0;0;0;0;0;0;0;0;0;0;0;0;0;0;0;0;0;0;0;0;0
479;"Costa Rica";"MF";180;75;"COLINDRES Daniel";0;0;0;0;0;0;0;0;0;0;0;0;0;0;0;0;0;0;0;0;0
473;"Iran";"MF";178;75;"EBRAHIMI Omid";0;0;0;0;0;0;0;0;0;0;0;0;0;0;0;0;0;0;0;0;0
470;"Korea Republic";"FW";197;97;"KIM Shinwook";0;0;0;0;0;0;0;0;0;0;0;0;0;0;0;0;0;0;0;0;0
468;"Panama";"FW";180;77;"TORRES Gabriel";0;0;0;0;0;0;0;0;0;0;0;0;0;0;0;0;0;0;0;0;0
466;"Nigeria";"FW";188;83;"IGHALO Odion";0;0;0;0;0;0;0;0;0;0;0;0;0;0;0;0;0;0;0;0;0
464;"Tunisia";"MF";178;70;"BADRI Anice";0;0;0;0;0;0;0;0;0;0;0;0;0;0;0;0;0;0;0;0;0
462;"Iceland";"FW";187;85;"SIGURDARSON Bjorn";0;0;0;0;0;0;0;0;0;0;0;0;0;0;0;0;0;0;0;0;0
460;"Mexico";"FW";188;79;"JIMENEZ Raul";0;0;0;0;0;0;0;0;0;0;0;0;0;0;0;0;0;0;0;0;0
458;"Australia";"FW";190;80;"JURIC Tomi";0;0;0;0;0;0;0;0;0;0;0;0;0;0;0;0;0;0;0;0;0
457;"Switzerland";"FW";186;88;"SEFEROVIC Haris";0;0;0;0;0;0;0;0;0;0;0;0;0;0;0;0;0;0;0;0;0
456;"Saudi Arabia";"MF";170;66;"HATAN BAHBIR";0;0;0;0;0;0;0;0;0;0;0;0;0;0;0;0;0;0;0;0;0
448;"Peru";"FW";177;85;"FARFAN Jefferson";0;0;0;0;0;0;0;0;0;0;0;0;0;0;0;0;0;0;0;0;0
444;"Nigeria";"MF";188;82;"MIKEL John Obi";0;0;0;0;0;0;0;0;0;0;0;0;0;0;0;0;0;0;0;0;0
437;"Iceland";"MF";186;82;"SIGURDSSON Gylfi";0;0;0;0;0;0;0;0;0;0;0;0;0;0;0;0;0;0;0;0;0
431;"Tunisia";"FW";182;76;"KHAZRI Wahbi";0;0;0;0;0;0;0;0;0;0;0;0;0;0;0;0;0;0;0;0;0
425;"Senegal";"FW";175;69;"MANE Sadio";0;0;0;0;0;0;0;0;0;0;0;0;0;0;0;0;0;0;0;0;0
422;"Portugal";"MF";179;73;"JOAO MARIO";0;0;0;0;0;0;0;0;0;0;0;0;0;0;0;0;0;0;0;0;0
421;"Uruguay";"FW";172;64;"DE ARRASCAETA Giorgian";0;0;0;0;0;0;0;0;0;0;0;0;0;0;0;0;0;0;0;0;0
419;"Panama";"FW";181;72;"DIAZ Ismael";0;0;0;0;0;0;0;0;0;0;0;0;0;0;0;0;0;0;0;0;0
418;"Korea Republic";"MF";170;63;"LEE Seungwoo";0;0;0;0;0;0;0;0;0;0;0;0;0;0;0;0;0;0;0;0;0
417;"France";"FW";178;78;"MBAPPE Kylian";0;0;0;0;0;0;0;0;0;0;0;0;0;0;0;0;0;0;0;0;0
414;"Saudi Arabia";"MF";177;73;"ABDULMALEK ALKHAIBRI";0;0;0;0;0;0;0;0;0;0;0;0;0;0;0;0;0;0;0;0;0
433;"Iran";"FW";187;80;"ANSARIFARD Karim";0;0;0;0;0;0;0;0;0;0;0;0;0;0;0;0;0;0;0;0;0
408;"Iran";"MF";179;71;"AMIRI Vahid";0;0;0;0;0;0;0;0;0;0;0;0;0;0;0;0;0;0;0;0;0
374;"Iran";"GK";192;84;"MAZAHERI Rashid";0;0;0;0;0;0;0;0;0;0;0;0;0;0;0;0;0;0;0;0;0
400;"Peru";"FW";169;67;"RUIDIAZ Raul";0;0;0;0;0;0;0;0;0;0;0;0;0;0;0;0;0;0;0;0;0
397;"Spain";"FW";173;70;"VAZQUEZ Lucas";0;0;0;0;0;0;0;0;0;0;0;0;0;0;0;0;0;0;0;0;0
385;"France";"FW";178;70;"DEMBELE Ousmane";0;0;0;0;0;0;0;0;0;0;0;0;0;0;0;0;0;0;0;0;0
382;"Panama";"GK";187;87;"CALDERON Jose";0;0;0;0;0;0;0;0;0;0;0;0;0;0;0;0;0;0;0;0;0
380;"Argentina";"GK";189;85;"ARMANI Franco";0;0;0;0;0;0;0;0;0;0;0;0;0;0;0;0;0;0;0;0;0
376;"Colombia";"GK";185;80;"VARGAS Camilo";0;0;0;0;0;0;0;0;0;0;0;0;0;0;0;0;0;0;0;0;0
372;"Tunisia";"DF";170;72;"MAALOUL Ali";0;0;0;0;0;0;0;0;0;0;0;0;0;0;0;0;0;0;0;0;0
370;"Korea Republic";"DF";172;69;"KIM Minwoo";0;0;0;0;0;0;0;0;0;0;0;0;0;0;0;0;0;0;0;0;0
366;"Portugal";"GK";184;81;"ANTHONY LOPES";0;0;0;0;0;0;0;0;0;0;0;0;0;0;0;0;0;0;0;0;0
365;"Egypt";"DF";176;73;"AYMAN ASHRAF";0;0;0;0;0;0;0;0;0;0;0;0;0;0;0;0;0;0;0;0;0
364;"Peru";"GK";184;78;"CACEDA Carlos";0;0;0;0;0;0;0;0;0;0;0;0;0;0;0;0;0;0;0;0;0
361;"Senegal";"DF";174;71;"SABALY Youssouf";0;0;0;0;0;0;0;0;0;0;0;0;0;0;0;0;0;0;0;0;0
360;"Nigeria";"DF";182;75;"SHEHU Abdullahi";0;0;0;0;0;0;0;0;0;0;0;0;0;0;0;0;0;0;0;0;0
356;"Iceland";"GK";198;92;"SCHRAM Frederik";0;0;0;0;0;0;0;0;0;0;0;0;0;0;0;0;0;0;0;0;0
348;"Russia";"DF";187;78;"KUDRIASHOV Fedor";0;0;0;0;0;0;0;0;0;0;0;0;0;0;0;0;0;0;0;0;0
347;"Morocco";"FW";190;80;"BOUTAIB Khalid";0;0;0;0;0;0;0;0;0;0;0;0;0;0;0;0;0;0;0;0;0
345;"Korea Republic";"MF";182;73;"KOO Jacheol";0;0;0;0;0;0;0;0;0;0;0;0;0;0;0;0;0;0;0;0;0
342;"Senegal";"MF";186;80;"NDIAYE Alfred";0;0;0;0;0;0;0;0;0;0;0;0;0;0;0;0;0;0;0;0;0
339;"France";"MF";168;70;"KANTE Ngolo";0;0;0;0;0;0;0;0;0;0;0;0;0;0;0;0;0;0;0;0;0
337;"Tunisia";"MF";186;80;"SASSI Ferjani";0;0;0;0;0;0;0;0;0;0;0;0;0;0;0;0;0;0;0;0;0
336;"Nigeria";"FW";197;89;"NWANKWO Simeon";0;0;0;0;0;0;0;0;0;0;0;0;0;0;0;0;0;0;0;0;0
335;"Saudi Arabia";"DF";170;63;"YASIR ALSHAHRANI";0;0;0;0;0;0;0;0;0;0;0;0;0;0;0;0;0;0;0;0;0
333;"Japan";"FW";179;72;"MUTO Yoshinori";0;0;0;0;0;0;0;0;0;0;0;0;0;0;0;0;0;0;0;0;0
325;"Iceland";"GK";186;76;"RUNARSSON Runar";0;0;0;0;0;0;0;0;0;0;0;0;0;0;0;0;0;0;0;0;0
338;"Iran";"DF";186;80;"KHANZADEH Mohammad Reza";0;0;0;0;0;0;0;0;0;0;0;0;0;0;0;0;0;0;0;0;0
320;"Iceland";"DF";191;82;"ARNASON Kari";0;0;0;0;0;0;0;0;0;0;0;0;0;0;0;0;0;0;0;0;0
319;"Argentina";"DF";174;73;"MASCHERANO Javier";0;0;0;0;0;0;0;0;0;0;0;0;0;0;0;0;0;0;0;0;0
318;"Morocco";"MF";167;59;"BOUSSOUFA Mbark";0;0;0;0;0;0;0;0;0;0;0;0;0;0;0;0;0;0;0;0;0
317;"Costa Rica";"MF";182;83;"AZOFEIFA Randall";0;0;0;0;0;0;0;0;0;0;0;0;0;0;0;0;0;0;0;0;0
294;"Iran";"FW";177;79;"GHODDOS Saman";0;0;0;0;0;0;0;0;0;0;0;0;0;0;0;0;0;0;0;0;0
307;"Serbia";"DF";185;69;"RODIC Milan";0;0;0;0;0;0;0;0;0;0;0;0;0;0;0;0;0;0;0;0;0
305;"Panama";"MF";189;80;"PIMENTEL Valentin";0;0;0;0;0;0;0;0;0;0;0;0;0;0;0;0;0;0;0;0;0
301;"Croatia";"MF";186;78;"BRADARIC Filip";0;0;0;0;0;0;0;0;0;0;0;0;0;0;0;0;0;0;0;0;0
300;"Portugal";"MF";190;80;"WILLIAM";0;0;0;0;0;0;0;0;0;0;0;0;0;0;0;0;0;0;0;0;0
299;"Tunisia";"MF";180;75;"BEN AMOR Mohamed";0;0;0;0;0;0;0;0;0;0;0;0;0;0;0;0;0;0;0;0;0
297;"Senegal";"FW";180;78;"KONATE Moussa";0;0;0;0;0;0;0;0;0;0;0;0;0;0;0;0;0;0;0;0;0
289;"Egypt";"FW";183;77;"RAMADAN SOBHY";0;0;0;0;0;0;0;0;0;0;0;0;0;0;0;0;0;0;0;0;0
287;"Australia";"MF";188;78;"JEDINAK Mile";0;0;0;0;0;0;0;0;0;0;0;0;0;0;0;0;0;0;0;0;0
285;"Spain";"DF";183;75;"RAMOS Sergio";0;0;0;0;0;0;0;0;0;0;0;0;0;0;0;0;0;0;0;0;0
284;"Switzerland";"MF";180;77;"DZEMAILI Blerim";0;0;0;0;0;0;0;0;0;0;0;0;0;0;0;0;0;0;0;0;0
279;"France";"MF";197;87;"NZONZI Steven";0;0;0;0;0;0;0;0;0;0;0;0;0;0;0;0;0;0;0;0;0
278;"Korea Republic";"MF";186;78;"JUNG Wooyoung";0;0;0;0;0;0;0;0;0;0;0;0;0;0;0;0;0;0;0;0;0
277;"Senegal";"FW";184;79;"SAKHO Diafra";0;0;0;0;0;0;0;0;0;0;0;0;0;0;0;0;0;0;0;0;0
276;"Japan";"FW";182;71;"OSAKO Yuya";0;0;0;0;0;0;0;0;0;0;0;0;0;0;0;0;0;0;0;0;0
275;"Iceland";"DF";188;81;"EYJOLFSSON Holmar";0;0;0;0;0;0;0;0;0;0;0;0;0;0;0;0;0;0;0;0;0
273;"Panama";"DF";180;81;"DAVIS Eric";0;0;0;0;0;0;0;0;0;0;0;0;0;0;0;0;0;0;0;0;0
268;"Costa Rica";"DF";180;78;"CALVO Francisco";0;0;0;0;0;0;0;0;0;0;0;0;0;0;0;0;0;0;0;0;0
266;"Portugal";"DF";174;70;"RICARDO";0;0;0;0;0;0;0;0;0;0;0;0;0;0;0;0;0;0;0;0;0
265;"Denmark";"FW";181;80;"FISCHER Viktor";0;0;0;0;0;0;0;0;0;0;0;0;0;0;0;0;0;0;0;0;0
264;"Tunisia";"FW";187;75;"KHALIL Ahmed";0;0;0;0;0;0;0;0;0;0;0;0;0;0;0;0;0;0;0;0;0
263;"Egypt";"DF";173;72;"MAHMOUD HAMDY";0;0;0;0;0;0;0;0;0;0;0;0;0;0;0;0;0;0;0;0;0
256;"Iceland";"MF";184;79;"SKULASON Olafur";0;0;0;0;0;0;0;0;0;0;0;0;0;0;0;0;0;0;0;0;0
253;"Tunisia";"GK";182;84;"MATHLOUTHI Aymen";0;0;0;0;0;0;0;0;0;0;0;0;0;0;0;0;0;0;0;0;0
251;"Senegal";"GK";185;80;"NDIAYE Khadim";0;0;0;0;0;0;0;0;0;0;0;0;0;0;0;0;0;0;0;0;0
250;"Poland";"MF";175;71;"BLASZCZYKOWSKI Jakub";0;0;0;0;0;0;0;0;0;0;0;0;0;0;0;0;0;0;0;0;0
249;"Spain";"DF";179;72;"MONREAL Nacho";0;0;0;0;0;0;0;0;0;0;0;0;0;0;0;0;0;0;0;0;0
248;"Nigeria";"GK";187;94;"AKPEYI Daniel";0;0;0;0;0;0;0;0;0;0;0;0;0;0;0;0;0;0;0;0;0
245;"Brazil";"GK";195;92;"CASSIO";0;0;0;0;0;0;0;0;0;0;0;0;0;0;0;0;0;0;0;0;0
242;"Saudi Arabia";"MF";174;76;"HUSSAIN ALMOQAHWI";0;0;0;0;0;0;0;0;0;0;0;0;0;0;0;0;0;0;0;0;0
241;"Korea Republic";"MF";186;75;"KI Sungyueng";0;0;0;0;0;0;0;0;0;0;0;0;0;0;0;0;0;0;0;0;0
288;"Iran";"DF";185;77;"MONTAZERI Pejman";0;0;0;0;0;0;0;0;0;0;0;0;0;0;0;0;0;0;0;0;0
231;"Panama";"FW";183;82;"ARROYO Abdiel";0;0;0;0;0;0;0;0;0;0;0;0;0;0;0;0;0;0;0;0;0
223;"Saudi Arabia";"MF";169;69;"TAISEER ALJASSAM";0;0;0;0;0;0;0;0;0;0;0;0;0;0;0;0;0;0;0;0;0
585;"Nigeria";"DF";191;85;"EKONG William";0;0;0;0;0;0;0;0;0;0;0;0;0;0;0;0;0;0;0;0;0
211;"Peru";"DF";178;80;"ADVINCULA Luis";0;0;0;0;0;0;0;0;0;0;0;0;0;0;0;0;0;0;0;0;0
210;"Senegal";"MF";181;74;"NDIAYE Pape Alioune";0;0;0;0;0;0;0;0;0;0;0;0;0;0;0;0;0;0;0;0;0
204;"Korea Republic";"MF";180;70;"LEE Jaesung";0;0;0;0;0;0;0;0;0;0;0;0;0;0;0;0;0;0;0;0;0
203;"Colombia";"DF";185;66;"MOJICA Johan";0;0;0;0;0;0;0;0;0;0;0;0;0;0;0;0;0;0;0;0;0
195;"Portugal";"FW";179;72;"GONCALO GUEDES";0;0;0;0;0;0;0;0;0;0;0;0;0;0;0;0;0;0;0;0;0
192;"Panama";"FW";183;87;"TEJADA Luis";0;0;0;0;0;0;0;0;0;0;0;0;0;0;0;0;0;0;0;0;0
191;"Costa Rica";"GK";178;72;"PEMBERTON Patrick";0;0;0;0;0;0;0;0;0;0;0;0;0;0;0;0;0;0;0;0;0
184;"Switzerland";"FW";175;75;"GAVRANOVIC Mario";0;0;0;0;0;0;0;0;0;0;0;0;0;0;0;0;0;0;0;0;0
205;"Iran";"FW";187;80;"TAREMI Mehdi";0;0;0;0;0;0;0;0;0;0;0;0;0;0;0;0;0;0;0;0;0
178;"Korea Republic";"MF";172;68;"MOON Seonmin";0;0;0;0;0;0;0;0;0;0;0;0;0;0;0;0;0;0;0;0;0
172;"France";"FW";173;76;"FEKIR Nabil";0;0;0;0;0;0;0;0;0;0;0;0;0;0;0;0;0;0;0;0;0
166;"Serbia";"FW";185;76;"RADONJIC Nemanja";0;0;0;0;0;0;0;0;0;0;0;0;0;0;0;0;0;0;0;0;0
164;"Uruguay";"FW";186;85;"GOMEZ Maximiliano";0;0;0;0;0;0;0;0;0;0;0;0;0;0;0;0;0;0;0;0;0
158;"Egypt";"MF";176;75;"ABDALLA SAID";0;0;0;0;0;0;0;0;0;0;0;0;0;0;0;0;0;0;0;0;0
157;"Denmark";"MF";178;80;"SCHONE Lasse";0;0;0;0;0;0;0;0;0;0;0;0;0;0;0;0;0;0;0;0;0
156;"Tunisia";"FW";185;72;"KHALIFA Saber";0;0;0;0;0;0;0;0;0;0;0;0;0;0;0;0;0;0;0;0;0
155;"Belgium";"MF";185;82;"DEMBELE Moussa";0;0;0;0;0;0;0;0;0;0;0;0;0;0;0;0;0;0;0;0;0
154;"Panama";"MF";165;62;"QUINTERO Alberto";0;0;0;0;0;0;0;0;0;0;0;0;0;0;0;0;0;0;0;0;0
152;"Iceland";"MF";184;78;"GISLASON Rurik";0;0;0;0;0;0;0;0;0;0;0;0;0;0;0;0;0;0;0;0;0
148;"Spain";"FW";185;86;"COSTA Diego";0;0;0;0;0;0;0;0;0;0;0;0;0;0;0;0;0;0;0;0;0
146;"Korea Republic";"DF";184;74;"KIM Younggwon";0;0;0;0;0;0;0;0;0;0;0;0;0;0;0;0;0;0;0;0;0
144;"Peru";"MF";172;69;"YOTUN Yoshimar";0;0;0;0;0;0;0;0;0;0;0;0;0;0;0;0;0;0;0;0;0
138;"France";"DF";184;81;"SIDIBE Djibril";0;0;0;0;0;0;0;0;0;0;0;0;0;0;0;0;0;0;0;0;0
137;"Switzerland";"FW";184;78;"DRMIC Josip";0;0;0;0;0;0;0;0;0;0;0;0;0;0;0;0;0;0;0;0;0
135;"Poland";"MF";177;64;"ZIELINSKI Piotr";0;0;0;0;0;0;0;0;0;0;0;0;0;0;0;0;0;0;0;0;0
134;"Saudi Arabia";"FW";168;65;"FAHAD ALMUWALLAD";0;0;0;0;0;0;0;0;0;0;0;0;0;0;0;0;0;0;0;0;0
133;"Senegal";"FW";184;74;"NIANG Mbaye";0;0;0;0;0;0;0;0;0;0;0;0;0;0;0;0;0;0;0;0;0
131;"Morocco";"FW";188;75;"EN NESYRI Youssef";0;0;0;0;0;0;0;0;0;0;0;0;0;0;0;0;0;0;0;0;0
127;"Russia";"GK";190;81;"GABULOV Vladimir";0;0;0;0;0;0;0;0;0;0;0;0;0;0;0;0;0;0;0;0;0
126;"Iceland";"MF";186;86;"HALLFREDSSON Emil";0;0;0;0;0;0;0;0;0;0;0;0;0;0;0;0;0;0;0;0;0
123;"Saudi Arabia";"FW";185;79;"MUHANNAD ASIRI";0;0;0;0;0;0;0;0;0;0;0;0;0;0;0;0;0;0;0;0;0
132;"Iran";"DF";183;78;"HOSSEINI Majid";0;0;0;0;0;0;0;0;0;0;0;0;0;0;0;0;0;0;0;0;0
93;"Iran";"FW";181;78;"DEJAGAH Ashkan";0;0;0;0;0;0;0;0;0;0;0;0;0;0;0;0;0;0;0;0;0
113;"Korea Republic";"DF";187;77;"JANG Hyunsoo";0;0;0;0;0;0;0;0;0;0;0;0;0;0;0;0;0;0;0;0;0
108;"Tunisia";"FW";179;70;"CHAALELI Ghaylen";0;0;0;0;0;0;0;0;0;0;0;0;0;0;0;0;0;0;0;0;0
103;"Senegal";"FW";181;77;"BALDE Keita";0;0;0;0;0;0;0;0;0;0;0;0;0;0;0;0;0;0;0;0;0
96;"Saudi Arabia";"GK";186;88;"YASSER ALMOSAILEM";0;0;0;0;0;0;0;0;0;0;0;0;0;0;0;0;0;0;0;0;0
91;"Korea Republic";"GK";193;82;"KIM Jinhyeon";0;0;0;0;0;0;0;0;0;0;0;0;0;0;0;0;0;0;0;0;0
87;"Croatia";"DF";184;76;"VIDA Domagoj";0;0;0;0;0;0;0;0;0;0;0;0;0;0;0;0;0;0;0;0;0
84;"Costa Rica";"FW";181;70;"URENA Marcos";0;0;0;0;0;0;0;0;0;0;0;0;0;0;0;0;0;0;0;0;0
83;"Germany";"MF";180;79;"GUENDOGAN Ilkay";0;0;0;0;0;0;0;0;0;0;0;0;0;0;0;0;0;0;0;0;0
78;"Tunisia";"DF";186;75;"NAGUEZ Hamdi";0;0;0;0;0;0;0;0;0;0;0;0;0;0;0;0;0;0;0;0;0
69;"England";"MF";190;73;"LOFTUS-CHEEK Ruben";0;0;0;0;0;0;0;0;0;0;0;0;0;0;0;0;0;0;0;0;0
68;"France";"DF";183;76;"HERNANDEZ Lucas";0;0;0;0;0;0;0;0;0;0;0;0;0;0;0;0;0;0;0;0;0
44;"Iran";"GK";186;80;"ABEDZADEH Amir";0;0;0;0;0;0;0;0;0;0;0;0;0;0;0;0;0;0;0;0;0
65;"Panama";"MF";180;77;"RODRIGUEZ Jose Luis";0;0;0;0;0;0;0;0;0;0;0;0;0;0;0;0;0;0;0;0;0
63;"Poland";"GK";190;83;"FABIANSKI Lukasz";0;0;0;0;0;0;0;0;0;0;0;0;0;0;0;0;0;0;0;0;0
57;"Croatia";"DF";176;69;"PIVARIC Josip";0;0;0;0;0;0;0;0;0;0;0;0;0;0;0;0;0;0;0;0;0
56;"Brazil";"DF";168;67;"FAGNER";0;0;0;0;0;0;0;0;0;0;0;0;0;0;0;0;0;0;0;0;0
54;"Panama";"GK";197;83;"RODRIGUEZ Alex";0;0;0;0;0;0;0;0;0;0;0;0;0;0;0;0;0;0;0;0;0
51;"Switzerland";"DF";186;83;"SCHAER Fabian";0;0;0;0;0;0;0;0;0;0;0;0;0;0;0;0;0;0;0;0;0
48;"Iceland";"FW";189;89;"BODVARSSON Jon";0;0;0;0;0;0;0;0;0;0;0;0;0;0;0;0;0;0;0;0;0
46;"Denmark";"GK";190;85;"RONNOW Frederik";0;0;0;0;0;0;0;0;0;0;0;0;0;0;0;0;0;0;0;0;0
38;"Tunisia";"GK";186;70;"HASSEN Mouez";0;0;0;0;0;0;0;0;0;0;0;0;0;0;0;0;0;0;0;0;0
35;"Morocco";"GK";186;70;"TAGNAOUTI Ahmed";0;0;0;0;0;0;0;0;0;0;0;0;0;0;0;0;0;0;0;0;0
34;"Senegal";"DF";177;70;"WAGUE Moussa";0;0;0;0;0;0;0;0;0;0;0;0;0;0;0;0;0;0;0;0;0
32;"Panama";"DF";185;87;"BALOY Felipe";0;0;0;0;0;0;0;0;0;0;0;0;0;0;0;0;0;0;0;0;0
30;"Spain";"GK";188;92;"REINA Pepe";0;0;0;0;0;0;0;0;0;0;0;0;0;0;0;0;0;0;0;0;0
29;"Uruguay";"GK";187;82;"SILVA Martin";0;0;0;0;0;0;0;0;0;0;0;0;0;0;0;0;0;0;0;0;0
27;"Germany";"FW";189;82;"GOMEZ Mario";0;0;0;0;0;0;0;0;0;0;0;0;0;0;0;0;0;0;0;0;0
26;"Iceland";"DF";170;63;"SKULASON Ari";0;0;0;0;0;0;0;0;0;0;0;0;0;0;0;0;0;0;0;0;0
21;"Morocco";"MF";176;67;"CARCELA Mehdi";0;0;0;0;0;0;0;0;0;0;0;0;0;0;0;0;0;0;0;0;0
19;"Costa Rica";"GK";179;70;"MOREIRA Leonel";0;0;0;0;0;0;0;0;0;0;0;0;0;0;0;0;0;0;0;0;0
18;"Korea Republic";"GK";189;75;"JO Hyeonwoo";0;0;0;0;0;0;0;0;0;0;0;0;0;0;0;0;0;0;0;0;0
12;"Australia";"MF";189;88;"ROGIC Tom";0;0;0;0;0;0;0;0;0;0;0;0;0;0;0;0;0;0;0;0;0
9;"Senegal";"GK";196;80;"GOMIS Alfred";0;0;0;0;0;0;0;0;0;0;0;0;0;0;0;0;0;0;0;0;0
3;"Colombia";"DF";187;81;"SANCHEZ Davinson";0;0;0;0;0;0;0;0;0;0;0;0;0;0;0;0;0;0;0;0;0
1;"Nigeria";"GK";196;91;"UZOHO Francis";0;0;0;0;0;0;0;0;0;0;0;0;0;0;0;0;0;0;0;0;0
